Schluessel,YearSchluessel,Year,Stadt-/Landkreis,Durchschnittliche Haushaltsgröße,Anteil Einpersonenhaushalte in %,Haushalte mit Kindern in %,LAND_NAME,LAND_ABK
1001,201101001,2011,Flensburg,1.8,50.800000000000004,22.6,Schleswig-Holstein,SH
1002,201101002,2011,Kiel,1.9000000000000001,48.1,22.3,Schleswig-Holstein,SH
1003,201101003,2011,Lübeck,1.9000000000000001,46.0,25.0,Schleswig-Holstein,SH
1004,201101004,2011,Neumünster,2.0,42.900000000000006,28.8,Schleswig-Holstein,SH
1051,201101051,2011,Kreis Dithmarschen,2.2,32.9,34.1,Schleswig-Holstein,SH
1053,201101053,2011,Kreis Herzogtum Lauenburg,2.3000000000000003,31.5,35.6,Schleswig-Holstein,SH
1054,201101054,2011,Kreis Nordfriesland,2.2,36.2,31.8,Schleswig-Holstein,SH
1055,201101055,2011,Kreis Ostholstein,2.1,36.2,29.5,Schleswig-Holstein,SH
1056,201101056,2011,Kreis Pinneberg,2.2,34.300000000000004,33.4,Schleswig-Holstein,SH
1057,201101057,2011,Kreis Plön,2.3000000000000003,31.1,34.2,Schleswig-Holstein,SH
1058,201101058,2011,Kreis Rendsburg-Eckernförde,2.3000000000000003,31.3,35.9,Schleswig-Holstein,SH
1059,201101059,2011,Kreis Schleswig,2.3000000000000003,30.6,36.300000000000004,Schleswig-Holstein,SH
1060,201101060,2011,Kreis Segeberg,2.3000000000000003,30.900000000000002,35.6,Schleswig-Holstein,SH
1061,201101061,2011,Kreis Steinburg,2.2,33.1,34.7,Schleswig-Holstein,SH
1062,201101062,2011,Kreis Stormarn,2.3000000000000003,30.5,36.1,Schleswig-Holstein,SH
2000,201102,2011,Hamburg,1.9000000000000001,46.6,25.5,Hamburg,HH
3101,201103101,2011,Braunschweig,1.9000000000000001,45.900000000000006,25.0,Niedersachsen,NI
3102,201103102,2011,Salzgitter,2.1,38.800000000000004,31.1,Niedersachsen,NI
3103,201103103,2011,Wolfsburg,2.1,39.800000000000004,29.200000000000003,Niedersachsen,NI
3151,201103151,2011,Landkreis Gifhorn,2.5,26.700000000000003,43.0,Niedersachsen,NI
3153,201103153,2011,Landkreis Goslar,2.0,40.1,27.8,Niedersachsen,NI
3154,201103154,2011,Landkreis Helmstedt,2.2,33.300000000000004,35.4,Niedersachsen,NI
3155,201103155,2011,Landkreis Northeim,2.3000000000000003,32.800000000000004,36.1,Niedersachsen,NI
3156,201103156,2011,Landkreis Osterode am Harz,2.1,35.1,32.5,Niedersachsen,NI
3157,201103157,2011,Landkreis Peine,2.3000000000000003,29.900000000000002,38.400000000000006,Niedersachsen,NI
3158,201103158,2011,Landkreis Wolfenbüttel,2.2,33.4,35.6,Niedersachsen,NI
3159,201103159,2011,Landkreis Göttingen,,,,Niedersachsen,NI
3241,201103241,2011,Hannover,2.0,42.400000000000006,28.6,Niedersachsen,NI
3241001,201103241001,2011,Landeshauptstadt Hannover,1.8,51.2,23.200000000000003,Niedersachsen,NI
3251,201103251,2011,Landkreis Diepholz,2.4000000000000004,28.6,38.0,Niedersachsen,NI
3252,201103252,2011,Landkreis Hameln-Pyrmont,2.1,37.6,31.3,Niedersachsen,NI
3254,201103254,2011,Landkreis Hildesheim,2.2,35.7,33.4,Niedersachsen,NI
3255,201103255,2011,Landkreis Holzminden,2.3000000000000003,33.300000000000004,36.9,Niedersachsen,NI
3256,201103256,2011,Landkreis Nienburg (Weser),2.4000000000000004,29.5,40.2,Niedersachsen,NI
3257,201103257,2011,Landkreis Schaumburg,2.2,32.9,35.4,Niedersachsen,NI
3351,201103351,2011,Landkreis Celle,2.3000000000000003,33.300000000000004,35.2,Niedersachsen,NI
3352,201103352,2011,Landkreis Cuxhaven,2.3000000000000003,30.6,35.4,Niedersachsen,NI
3353,201103353,2011,Landkreis Harburg,2.3000000000000003,30.0,36.2,Niedersachsen,NI
3354,201103354,2011,Landkreis Lüchow-Dannenberg,2.3000000000000003,34.0,35.4,Niedersachsen,NI
3355,201103355,2011,Landkreis Lüneburg,2.2,35.800000000000004,33.9,Niedersachsen,NI
3356,201103356,2011,Landkreis Osterholz,2.3000000000000003,28.1,37.300000000000004,Niedersachsen,NI
3357,201103357,2011,Landkreis Rotenburg (Wümme),2.4000000000000004,28.200000000000003,40.400000000000006,Niedersachsen,NI
3358,201103358,2011,Landkreis Heidekreis,2.3000000000000003,32.300000000000004,35.7,Niedersachsen,NI
3359,201103359,2011,Landkreis Stade,2.3000000000000003,31.3,36.9,Niedersachsen,NI
3360,201103360,2011,Landkreis Uelzen,2.2,34.800000000000004,33.6,Niedersachsen,NI
3361,201103361,2011,Landkreis Verden,2.3000000000000003,29.700000000000003,36.9,Niedersachsen,NI
3401,201103401,2011,Delmenhorst,2.1,36.800000000000004,32.4,Niedersachsen,NI
3402,201103402,2011,Emden,2.1,39.5,30.700000000000003,Niedersachsen,NI
3403,201103403,2011,Oldenburg,2.0,43.5,26.400000000000002,Niedersachsen,NI
3404,201103404,2011,Osnabrück,2.0,45.7,25.3,Niedersachsen,NI
3405,201103405,2011,Wilhelmshaven,1.9000000000000001,46.900000000000006,23.0,Niedersachsen,NI
3451,201103451,2011,Landkreis Ammerland,2.3000000000000003,28.700000000000003,36.9,Niedersachsen,NI
3452,201103452,2011,Landkreis Aurich,2.3000000000000003,30.1,37.300000000000004,Niedersachsen,NI
3453,201103453,2011,Landkreis Cloppenburg,2.8000000000000003,22.700000000000003,49.2,Niedersachsen,NI
3454,201103454,2011,Landkreis Emsland,2.6,24.900000000000002,46.0,Niedersachsen,NI
3455,201103455,2011,Landkreis Friesland,2.2,31.8,33.0,Niedersachsen,NI
3456,201103456,2011,Landkreis Grafschaft Bentheim,2.5,26.200000000000003,42.800000000000004,Niedersachsen,NI
3457,201103457,2011,Landkreis Leer,2.4000000000000004,29.400000000000002,38.400000000000006,Niedersachsen,NI
3458,201103458,2011,Landkreis Oldenburg (Land),2.4000000000000004,27.0,39.6,Niedersachsen,NI
3459,201103459,2011,Landkreis Osnabrück (Land),2.5,28.200000000000003,41.400000000000006,Niedersachsen,NI
3460,201103460,2011,Landkreis Vechta,2.7,25.0,48.2,Niedersachsen,NI
3461,201103461,2011,Landkreis Wesermarsch,2.2,33.0,34.4,Niedersachsen,NI
3462,201103462,2011,Landkreis Wittmund,2.3000000000000003,30.700000000000003,36.5,Niedersachsen,NI
4011,201104011,2011,Bremen,2.0,44.6,25.900000000000002,Bremen,HB
4012,201104012,2011,Bremerhaven,1.9000000000000001,47.6,25.5,Bremen,HB
5111,201105111,2011,Düsseldorf,1.9000000000000001,50.0,24.0,Nordrhein-Westfalen,NW
5112,201105112,2011,Duisburg,2.1,41.300000000000004,29.400000000000002,Nordrhein-Westfalen,NW
5113,201105113,2011,Essen,1.9000000000000001,45.2,25.6,Nordrhein-Westfalen,NW
5114,201105114,2011,Krefeld,2.0,41.800000000000004,29.5,Nordrhein-Westfalen,NW
5116,201105116,2011,Mönchengladbach,2.1,41.2,29.400000000000002,Nordrhein-Westfalen,NW
5117,201105117,2011,Mülheim an der Ruhr,2.0,41.1,27.3,Nordrhein-Westfalen,NW
5119,201105119,2011,Oberhausen,2.0,40.300000000000004,29.3,Nordrhein-Westfalen,NW
5120,201105120,2011,Remscheid,2.1,40.5,29.8,Nordrhein-Westfalen,NW
5122,201105122,2011,Solingen,2.1,40.1,30.1,Nordrhein-Westfalen,NW
5124,201105124,2011,Wuppertal,2.0,45.1,26.6,Nordrhein-Westfalen,NW
5154,201105154,2011,Kreis Kleve,2.3000000000000003,30.700000000000003,36.7,Nordrhein-Westfalen,NW
5158,201105158,2011,Kreis Mettmann,2.1,36.7,31.5,Nordrhein-Westfalen,NW
5162,201105162,2011,Rhein-Kreis Neuss,2.2,33.2,34.300000000000004,Nordrhein-Westfalen,NW
5166,201105166,2011,Kreis Viersen,2.3000000000000003,31.8,35.4,Nordrhein-Westfalen,NW
5170,201105170,2011,Kreis Wesel,2.2,31.900000000000002,34.800000000000004,Nordrhein-Westfalen,NW
5314,201105314,2011,Bonn,2.0,47.2,26.5,Nordrhein-Westfalen,NW
5315,201105315,2011,Köln,1.9000000000000001,47.2,25.6,Nordrhein-Westfalen,NW
5316,201105316,2011,Leverkusen,2.1,38.7,30.3,Nordrhein-Westfalen,NW
5334,201105334,2011,Aachen,2.0,42.0,29.0,Nordrhein-Westfalen,NW
5354,201105354,2011,Kreis Aachen,,,,Nordrhein-Westfalen,NW
5358,201105358,2011,Kreis Düren,2.3000000000000003,31.3,36.5,Nordrhein-Westfalen,NW
5362,201105362,2011,Rhein-Erft-Kreis,2.2,32.7,34.7,Nordrhein-Westfalen,NW
5366,201105366,2011,Kreis Euskirchen,2.3000000000000003,30.200000000000003,37.2,Nordrhein-Westfalen,NW
5370,201105370,2011,Kreis Heinsberg,2.4000000000000004,27.700000000000003,39.5,Nordrhein-Westfalen,NW
5374,201105374,2011,Oberbergischer Kreis,2.3000000000000003,31.5,37.5,Nordrhein-Westfalen,NW
5378,201105378,2011,Rheinisch-Bergischer Kreis,2.2,33.300000000000004,34.300000000000004,Nordrhein-Westfalen,NW
5382,201105382,2011,Rhein-Sieg-Kreis,2.3000000000000003,30.5,37.2,Nordrhein-Westfalen,NW
5512,201105512,2011,Bottrop,2.1,35.9,32.5,Nordrhein-Westfalen,NW
5513,201105513,2011,Gelsenkirchen,2.0,42.400000000000006,29.6,Nordrhein-Westfalen,NW
5515,201105515,2011,Münster,2.0,45.900000000000006,24.3,Nordrhein-Westfalen,NW
5554,201105554,2011,Kreis Borken,2.5,27.6,43.0,Nordrhein-Westfalen,NW
5558,201105558,2011,Kreis Coesfeld,2.4000000000000004,28.0,40.2,Nordrhein-Westfalen,NW
5562,201105562,2011,Kreis Recklinghausen,2.1,36.300000000000004,32.4,Nordrhein-Westfalen,NW
5566,201105566,2011,Kreis Steinfurt,2.5,27.5,42.6,Nordrhein-Westfalen,NW
5570,201105570,2011,Kreis Warendorf,2.4000000000000004,29.8,39.7,Nordrhein-Westfalen,NW
5711,201105711,2011,Bielefeld,2.1,42.800000000000004,28.5,Nordrhein-Westfalen,NW
5754,201105754,2011,Kreis Gütersloh,2.4000000000000004,30.200000000000003,40.1,Nordrhein-Westfalen,NW
5758,201105758,2011,Kreis Herford,2.3000000000000003,32.800000000000004,36.4,Nordrhein-Westfalen,NW
5762,201105762,2011,Kreis Höxter,2.4000000000000004,29.900000000000002,41.400000000000006,Nordrhein-Westfalen,NW
5766,201105766,2011,Kreis Lippe,2.3000000000000003,34.1,35.1,Nordrhein-Westfalen,NW
5770,201105770,2011,Kreis Minden-Lübbecke,2.4000000000000004,31.8,38.1,Nordrhein-Westfalen,NW
5774,201105774,2011,Kreis Paderborn,2.3000000000000003,33.800000000000004,38.300000000000004,Nordrhein-Westfalen,NW
5911,201105911,2011,Bochum,1.9000000000000001,44.5,25.0,Nordrhein-Westfalen,NW
5913,201105913,2011,Dortmund,2.0,44.400000000000006,26.8,Nordrhein-Westfalen,NW
5914,201105914,2011,Hagen,2.0,41.400000000000006,29.1,Nordrhein-Westfalen,NW
5915,201105915,2011,Hamm,2.2,35.4,34.5,Nordrhein-Westfalen,NW
5916,201105916,2011,Herne,2.0,41.2,29.0,Nordrhein-Westfalen,NW
5954,201105954,2011,Ennepe-Ruhr-Kreis,2.1,38.5,29.700000000000003,Nordrhein-Westfalen,NW
5958,201105958,2011,Hochsauerlandkreis,2.3000000000000003,32.800000000000004,37.0,Nordrhein-Westfalen,NW
5962,201105962,2011,Märkischer Kreis,2.2,35.2,33.6,Nordrhein-Westfalen,NW
5966,201105966,2011,Kreis Olpe,2.4000000000000004,29.900000000000002,40.300000000000004,Nordrhein-Westfalen,NW
5970,201105970,2011,Kreis Siegen-Wittgenstein,2.3000000000000003,34.2,35.5,Nordrhein-Westfalen,NW
5974,201105974,2011,Kreis Soest,2.3000000000000003,32.800000000000004,37.6,Nordrhein-Westfalen,NW
5978,201105978,2011,Kreis Unna,2.2,34.6,34.2,Nordrhein-Westfalen,NW
6411,201106411,2011,Darmstadt,2.0,44.7,26.700000000000003,Hessen,HE
6412,201106412,2011,Frankfurt (Main),2.0,48.1,25.6,Hessen,HE
6413,201106413,2011,Offenbach am Main,2.1,44.0,29.700000000000003,Hessen,HE
6414,201106414,2011,Wiesbaden,2.1,43.7,29.700000000000003,Hessen,HE
6431,201106431,2011,Landkreis Bergstrasse,2.3000000000000003,31.5,37.1,Hessen,HE
6432,201106432,2011,Landkreis Darmstadt-Dieburg,2.3000000000000003,30.3,38.2,Hessen,HE
6433,201106433,2011,Landkreis Groß-Gerau,2.3000000000000003,34.2,34.800000000000004,Hessen,HE
6434,201106434,2011,Hochtaunuskreis,2.2,34.800000000000004,34.800000000000004,Hessen,HE
6435,201106435,2011,Main-Kinzig-Kreis,2.3000000000000003,32.800000000000004,36.7,Hessen,HE
6436,201106436,2011,Main-Taunus-Kreis,2.2,34.5,34.1,Hessen,HE
6437,201106437,2011,Odenwaldkreis,2.4000000000000004,29.8,39.1,Hessen,HE
6438,201106438,2011,Landkreis Offenbach,2.2,34.9,33.9,Hessen,HE
6439,201106439,2011,Rheingau-Taunus-Kreis,2.3000000000000003,32.5,35.300000000000004,Hessen,HE
6440,201106440,2011,Wetteraukreis,2.3000000000000003,32.300000000000004,37.6,Hessen,HE
6531,201106531,2011,Landkreis Gießen,2.2,37.2,32.7,Hessen,HE
6532,201106532,2011,Lahn-Dill Kreis,2.3000000000000003,30.900000000000002,39.1,Hessen,HE
6533,201106533,2011,Landkreis Limburg-Weilburg,2.4000000000000004,30.400000000000002,39.300000000000004,Hessen,HE
6534,201106534,2011,Landkreis Marburg-Biedenkopf,2.3000000000000003,34.2,36.800000000000004,Hessen,HE
6535,201106535,2011,Vogelsbergkreis,2.4000000000000004,29.1,39.300000000000004,Hessen,HE
6611,201106611,2011,Kassel,1.9000000000000001,46.7,25.200000000000003,Hessen,HE
6631,201106631,2011,Landkreis Fulda,2.3000000000000003,32.7,38.900000000000006,Hessen,HE
6632,201106632,2011,Landkreis Hersfeld-Rotenburg,2.4000000000000004,30.5,40.1,Hessen,HE
6633,201106633,2011,Landkreis Kassel (Land),2.3000000000000003,29.900000000000002,36.800000000000004,Hessen,HE
6634,201106634,2011,Schwalm-Eder Kreis,2.4000000000000004,29.400000000000002,40.5,Hessen,HE
6635,201106635,2011,Landkreis Waldeck-Frankenberg,2.3000000000000003,32.300000000000004,38.2,Hessen,HE
6636,201106636,2011,Werra-Meißner Kreis,2.3000000000000003,32.4,36.4,Hessen,HE
7111,201107111,2011,Koblenz,2.0,43.0,26.6,Rheinland-Pfalz,RP
7131,201107131,2011,Landkreis Ahrweiler,2.2,33.7,33.7,Rheinland-Pfalz,RP
7132,201107132,2011,Landkreis Altenkirchen (Westerwald),2.4000000000000004,28.3,40.300000000000004,Rheinland-Pfalz,RP
7133,201107133,2011,Landkreis Bad Kreuznach,2.3000000000000003,31.5,38.800000000000004,Rheinland-Pfalz,RP
7134,201107134,2011,Landkreis Birkenfeld,2.3000000000000003,32.6,37.1,Rheinland-Pfalz,RP
7135,201107135,2011,Landkreis Cochem-Zell,2.4000000000000004,28.900000000000002,40.5,Rheinland-Pfalz,RP
7137,201107137,2011,Landkreis Mayen-Koblenz,2.3000000000000003,31.6,36.9,Rheinland-Pfalz,RP
7138,201107138,2011,Landkreis Neuwied,2.3000000000000003,31.1,36.300000000000004,Rheinland-Pfalz,RP
7140,201107140,2011,Rhein-Hunsrück-Kreis,2.4000000000000004,29.6,38.400000000000006,Rheinland-Pfalz,RP
7141,201107141,2011,Rhein-Lahn-Kreis,2.3000000000000003,32.300000000000004,35.9,Rheinland-Pfalz,RP
7143,201107143,2011,Westerwaldkreis,2.4000000000000004,27.200000000000003,42.400000000000006,Rheinland-Pfalz,RP
7211,201107211,2011,Trier,1.9000000000000001,48.900000000000006,23.200000000000003,Rheinland-Pfalz,RP
7231,201107231,2011,Landkreis Bernkastel-Wittlich,2.4000000000000004,29.900000000000002,40.1,Rheinland-Pfalz,RP
7232,201107232,2011,Eifelkreis Bitburg-Prüm,2.4000000000000004,29.8,42.1,Rheinland-Pfalz,RP
7233,201107233,2011,Landkreis Vulkaneifel,2.4000000000000004,29.6,38.6,Rheinland-Pfalz,RP
7235,201107235,2011,Landkreis Trier-Saarburg,2.4000000000000004,28.0,42.2,Rheinland-Pfalz,RP
7311,201107311,2011,Frankenthal (Pfalz),2.2,37.2,32.1,Rheinland-Pfalz,RP
7312,201107312,2011,Kaiserslautern,1.9000000000000001,47.0,25.3,Rheinland-Pfalz,RP
7313,201107313,2011,Landau in der Pfalz,2.1,39.5,29.3,Rheinland-Pfalz,RP
7314,201107314,2011,Ludwigshafen am Rhein,2.1,39.5,31.6,Rheinland-Pfalz,RP
7315,201107315,2011,Mainz,2.0,46.1,24.200000000000003,Rheinland-Pfalz,RP
7316,201107316,2011,Neustadt an der Weinstrasse,2.1,37.1,31.400000000000002,Rheinland-Pfalz,RP
7317,201107317,2011,Pirmasens,2.0,42.400000000000006,28.700000000000003,Rheinland-Pfalz,RP
7318,201107318,2011,Speyer,2.1,37.800000000000004,31.900000000000002,Rheinland-Pfalz,RP
7319,201107319,2011,Worms,2.1,37.9,32.0,Rheinland-Pfalz,RP
7320,201107320,2011,Zweibrücken,2.1,36.1,33.2,Rheinland-Pfalz,RP
7331,201107331,2011,Landkreis Alzey-Worms,2.5,26.1,42.1,Rheinland-Pfalz,RP
7332,201107332,2011,Landkreis Bad Dürkheim,2.3000000000000003,28.900000000000002,37.7,Rheinland-Pfalz,RP
7333,201107333,2011,Donnersbergkreis,2.4000000000000004,27.6,41.6,Rheinland-Pfalz,RP
7334,201107334,2011,Landkreis Germersheim,2.4000000000000004,28.8,41.5,Rheinland-Pfalz,RP
7335,201107335,2011,Landkreis Kaiserslautern (Land),2.4000000000000004,29.5,40.800000000000004,Rheinland-Pfalz,RP
7336,201107336,2011,Landkreis Kusel,2.4000000000000004,27.400000000000002,43.1,Rheinland-Pfalz,RP
7337,201107337,2011,Landkreis Südliche Weinstrasse,2.4000000000000004,28.400000000000002,40.6,Rheinland-Pfalz,RP
7338,201107338,2011,Rhein-Pfalz-Kreis,2.4000000000000004,27.6,39.2,Rheinland-Pfalz,RP
7339,201107339,2011,Landkreis Mainz-Bingen,2.3000000000000003,30.3,38.400000000000006,Rheinland-Pfalz,RP
7340,201107340,2011,Landkreis Südwestpfalz,2.4000000000000004,26.8,41.900000000000006,Rheinland-Pfalz,RP
8111,201108111,2011,Stuttgart,2.0,44.400000000000006,26.6,Baden-Württemberg,BW
8115,201108115,2011,Landkreis Böblingen,2.3000000000000003,32.800000000000004,37.6,Baden-Württemberg,BW
8116,201108116,2011,Landkreis Esslingen,2.2,34.6,35.4,Baden-Württemberg,BW
8117,201108117,2011,Landkreis Göppingen,2.3000000000000003,31.900000000000002,38.300000000000004,Baden-Württemberg,BW
8118,201108118,2011,Landkreis Ludwigsburg,2.2,34.0,34.6,Baden-Württemberg,BW
8119,201108119,2011,Rems-Murr-Kreis,2.3000000000000003,33.9,35.9,Baden-Württemberg,BW
8121,201108121,2011,Heilbronn,2.2,38.2,32.0,Baden-Württemberg,BW
8125,201108125,2011,Landkreis Heilbronn (Land),2.4000000000000004,29.5,40.800000000000004,Baden-Württemberg,BW
8126,201108126,2011,Hohenlohekreis,2.5,29.6,42.400000000000006,Baden-Württemberg,BW
8127,201108127,2011,Landkreis Schwäbisch Hall,2.4000000000000004,30.700000000000003,40.0,Baden-Württemberg,BW
8128,201108128,2011,Main-Tauber-Kreis,2.4000000000000004,31.0,40.800000000000004,Baden-Württemberg,BW
8135,201108135,2011,Landkreis Heidenheim,2.3000000000000003,32.0,39.2,Baden-Württemberg,BW
8136,201108136,2011,Ostalbkreis,2.4000000000000004,30.6,41.300000000000004,Baden-Württemberg,BW
8211,201108211,2011,Baden-Baden,2.0,43.1,27.0,Baden-Württemberg,BW
8212,201108212,2011,Karlsruhe,2.0,44.1,26.200000000000003,Baden-Württemberg,BW
8215,201108215,2011,Landkreis Karlsruhe (Land),2.3000000000000003,30.8,37.800000000000004,Baden-Württemberg,BW
8216,201108216,2011,Landkreis Rastatt,2.3000000000000003,31.8,37.5,Baden-Württemberg,BW
8221,201108221,2011,Heidelberg,2.0,46.5,24.1,Baden-Württemberg,BW
8222,201108222,2011,Mannheim,2.0,46.5,26.3,Baden-Württemberg,BW
8225,201108225,2011,Neckar-Odenwald-Kreis,2.4000000000000004,28.6,42.800000000000004,Baden-Württemberg,BW
8226,201108226,2011,Rhein-Neckar-Kreis,2.2,33.6,34.800000000000004,Baden-Württemberg,BW
8231,201108231,2011,Pforzheim,2.1,42.6,30.5,Baden-Württemberg,BW
8235,201108235,2011,Landkreis Calw,2.4000000000000004,32.6,38.0,Baden-Württemberg,BW
8236,201108236,2011,Enzkreis,2.4000000000000004,29.3,40.0,Baden-Württemberg,BW
8237,201108237,2011,Landkreis Freudenstadt,2.4000000000000004,32.2,39.1,Baden-Württemberg,BW
8311,201108311,2011,Freiburg im Breisgau,2.0,46.5,25.3,Baden-Württemberg,BW
8315,201108315,2011,Landkreis Breisgau-Hochschwarzwald,2.3000000000000003,32.300000000000004,37.0,Baden-Württemberg,BW
8316,201108316,2011,Landkreis Emmendingen,2.4000000000000004,31.1,39.0,Baden-Württemberg,BW
8317,201108317,2011,Ortenaukreis,2.3000000000000003,31.8,38.300000000000004,Baden-Württemberg,BW
8325,201108325,2011,Landkreis Rottweil,2.4000000000000004,31.6,39.7,Baden-Württemberg,BW
8326,201108326,2011,Schwarzwald-Baar-Kreis,2.2,35.2,34.5,Baden-Württemberg,BW
8327,201108327,2011,Landkreis Tuttlingen,2.4000000000000004,30.5,40.2,Baden-Württemberg,BW
8335,201108335,2011,Landkreis Konstanz,2.1,38.400000000000006,31.5,Baden-Württemberg,BW
8336,201108336,2011,Landkreis Lörrach,2.2,35.0,34.6,Baden-Württemberg,BW
8337,201108337,2011,Landkreis Waldshut,2.3000000000000003,33.7,37.6,Baden-Württemberg,BW
8415,201108415,2011,Landkreis Reutlingen,2.3000000000000003,32.9,37.4,Baden-Württemberg,BW
8416,201108416,2011,Landkreis Tübingen,2.4000000000000004,34.300000000000004,35.800000000000004,Baden-Württemberg,BW
8417,201108417,2011,Zollernalbkreis,2.3000000000000003,30.400000000000002,39.2,Baden-Württemberg,BW
8421,201108421,2011,Ulm,2.1,41.2,30.6,Baden-Württemberg,BW
8425,201108425,2011,Alb-Donau-Kreis,2.5,27.900000000000002,44.0,Baden-Württemberg,BW
8426,201108426,2011,Landkreis Biberach,2.5,29.400000000000002,43.800000000000004,Baden-Württemberg,BW
8435,201108435,2011,Bodenseekreis,2.2,36.2,32.9,Baden-Württemberg,BW
8436,201108436,2011,Landkreis Ravensburg,2.4000000000000004,32.4,38.900000000000006,Baden-Württemberg,BW
8437,201108437,2011,Landkreis Sigmaringen,2.4000000000000004,30.0,42.5,Baden-Württemberg,BW
9161,201109161,2011,Ingolstadt,2.1,38.6,33.1,Bayern,BY
9162,201109162,2011,München,1.9000000000000001,50.300000000000004,22.8,Bayern,BY
9163,201109163,2011,Rosenheim,2.0,43.6,28.5,Bayern,BY
9171,201109171,2011,Landkreis Altötting,2.3000000000000003,32.4,40.0,Bayern,BY
9172,201109172,2011,Landkreis Berchtesgadener Land,2.2,38.5,32.9,Bayern,BY
9173,201109173,2011,Landkreis Bad Tölz-Wolfratshausen,2.3000000000000003,33.9,37.0,Bayern,BY
9174,201109174,2011,Landkreis Dachau,2.4000000000000004,30.5,39.800000000000004,Bayern,BY
9175,201109175,2011,Landkreis Ebersberg,2.4000000000000004,29.400000000000002,40.1,Bayern,BY
9176,201109176,2011,Landkreis Eichstätt,2.6,25.6,46.5,Bayern,BY
9177,201109177,2011,Landkreis Erding,2.5,29.1,43.6,Bayern,BY
9178,201109178,2011,Landkreis Freising,2.3000000000000003,33.4,38.2,Bayern,BY
9179,201109179,2011,Landkreis Fürstenfeldbruck,2.2,32.800000000000004,35.5,Bayern,BY
9180,201109180,2011,Landkreis Garmisch-Partenkirchen,2.1,40.6,29.700000000000003,Bayern,BY
9181,201109181,2011,Landkreis Landsberg am Lech,2.4000000000000004,29.900000000000002,41.0,Bayern,BY
9182,201109182,2011,Landkreis Miesbach,2.2,36.7,33.9,Bayern,BY
9183,201109183,2011,Landkreis Mühldorf am Inn,2.5,30.400000000000002,42.5,Bayern,BY
9184,201109184,2011,Landkreis München (Land),2.2,34.4,35.7,Bayern,BY
9185,201109185,2011,Landkreis Neuburg-Schrobenhausen,2.4000000000000004,28.8,43.2,Bayern,BY
9186,201109186,2011,Landkreis Pfaffenhofen an der Ilm,2.5,27.0,44.0,Bayern,BY
9187,201109187,2011,Landkreis Rosenheim (Land),2.4000000000000004,31.900000000000002,38.900000000000006,Bayern,BY
9188,201109188,2011,Landkreis Starnberg,2.3000000000000003,34.2,36.0,Bayern,BY
9189,201109189,2011,Landkreis Traunstein,2.3000000000000003,33.300000000000004,37.5,Bayern,BY
9190,201109190,2011,Landkreis Weilheim-Schongau,2.3000000000000003,33.1,38.2,Bayern,BY
9261,201109261,2011,Landshut,2.0,45.1,27.0,Bayern,BY
9262,201109262,2011,Passau,1.9000000000000001,50.300000000000004,23.700000000000003,Bayern,BY
9263,201109263,2011,Straubing,2.0,42.800000000000004,30.400000000000002,Bayern,BY
9271,201109271,2011,Landkreis Deggendorf,2.4000000000000004,31.5,41.0,Bayern,BY
9272,201109272,2011,Landkreis Freyung-Grafenau,2.5,28.3,45.7,Bayern,BY
9273,201109273,2011,Landkreis Kehlheim,2.5,28.0,44.800000000000004,Bayern,BY
9274,201109274,2011,Landkreis Landshut (Land),2.6,25.3,46.300000000000004,Bayern,BY
9275,201109275,2011,Landkreis Passau (Land),2.4000000000000004,28.8,43.6,Bayern,BY
9276,201109276,2011,Landkreis Regen,2.4000000000000004,30.6,41.800000000000004,Bayern,BY
9277,201109277,2011,Landkreis Rottal-Inn,2.5,27.5,45.300000000000004,Bayern,BY
9278,201109278,2011,Landkreis Straubing-Bogen,2.6,23.3,49.300000000000004,Bayern,BY
9279,201109279,2011,Landkreis Dingolfing-Landau,2.5,26.3,45.7,Bayern,BY
9361,201109361,2011,Amberg,2.0,42.0,31.5,Bayern,BY
9362,201109362,2011,Regensburg,1.8,52.7,22.0,Bayern,BY
9363,201109363,2011,Weiden in der Oberpfalz,2.0,44.1,30.0,Bayern,BY
9371,201109371,2011,Landkreis Amberg-Sulzbach,2.4000000000000004,28.6,43.300000000000004,Bayern,BY
9372,201109372,2011,Landkreis Cham,2.5,28.900000000000002,45.400000000000006,Bayern,BY
9373,201109373,2011,Landkreis Neumarkt in der Oberpfalz,2.6,26.200000000000003,46.800000000000004,Bayern,BY
9374,201109374,2011,Landkreis Neustadt an der Waldnaab,2.5,27.8,45.900000000000006,Bayern,BY
9375,201109375,2011,Landkreis Regensburg (Land),2.5,26.3,44.1,Bayern,BY
9376,201109376,2011,Landkreis Schwandorf,2.4000000000000004,29.6,42.300000000000004,Bayern,BY
9377,201109377,2011,Landkreis Tirschenreuth,2.4000000000000004,30.6,42.5,Bayern,BY
9461,201109461,2011,Bamberg,1.9000000000000001,47.900000000000006,25.3,Bayern,BY
9462,201109462,2011,Bayreuth,1.9000000000000001,48.1,23.6,Bayern,BY
9463,201109463,2011,Coburg,2.0,44.400000000000006,27.3,Bayern,BY
9464,201109464,2011,Hof,1.9000000000000001,45.2,26.400000000000002,Bayern,BY
9471,201109471,2011,Landkreis Bamberg (Land),2.5,26.8,45.0,Bayern,BY
9472,201109472,2011,Landkreis Bayreuth (Land),2.4000000000000004,28.8,41.6,Bayern,BY
9473,201109473,2011,Landkreis Coburg (Land),2.4000000000000004,29.5,40.300000000000004,Bayern,BY
9474,201109474,2011,Landkreis Forchheim,2.4000000000000004,29.1,42.1,Bayern,BY
9475,201109475,2011,Landkreis Hof (Land),2.3000000000000003,32.7,36.9,Bayern,BY
9476,201109476,2011,Landkreis Kronach,2.3000000000000003,29.5,40.800000000000004,Bayern,BY
9477,201109477,2011,Landkreis Kulmbach,2.3000000000000003,32.6,38.7,Bayern,BY
9478,201109478,2011,Landkreis Lichtenfels,2.3000000000000003,30.3,40.6,Bayern,BY
9479,201109479,2011,Landkreis Wunsiedel im Fichtelgebirge,2.2,35.300000000000004,34.6,Bayern,BY
9561,201109561,2011,Ansbach,2.1,41.5,31.700000000000003,Bayern,BY
9562,201109562,2011,Erlangen,1.9000000000000001,49.900000000000006,24.6,Bayern,BY
9563,201109563,2011,Fürth,2.0,41.400000000000006,28.700000000000003,Bayern,BY
9564,201109564,2011,Nürnberg,1.9000000000000001,46.800000000000004,24.6,Bayern,BY
9565,201109565,2011,Schwabach,2.2,35.5,34.0,Bayern,BY
9571,201109571,2011,Landkreis Ansbach (Land),2.5,28.0,43.5,Bayern,BY
9572,201109572,2011,Landkreis Erlangen-Höchstadt,2.4000000000000004,27.3,42.1,Bayern,BY
9573,201109573,2011,Landkreis Fürth (Land),2.2,30.5,35.7,Bayern,BY
9574,201109574,2011,Landkreis Nürnberger Land,2.3000000000000003,31.3,37.0,Bayern,BY
9575,201109575,2011,Landkreis Neustadt an der Aisch-Bad Windsheim,2.5,27.5,44.2,Bayern,BY
9576,201109576,2011,Landkreis Roth,2.4000000000000004,26.8,41.900000000000006,Bayern,BY
9577,201109577,2011,Landkreis Weißenburg-Gunzenhausen,2.4000000000000004,30.6,41.1,Bayern,BY
9661,201109661,2011,Aschaffenburg,2.1,40.2,30.3,Bayern,BY
9662,201109662,2011,Schweinfurt,2.0,43.0,28.900000000000002,Bayern,BY
9663,201109663,2011,Würzburg,1.8,51.800000000000004,20.0,Bayern,BY
9671,201109671,2011,Landkreis Aschaffenburg (Land),2.4000000000000004,27.200000000000003,42.2,Bayern,BY
9672,201109672,2011,Landkreis Bad Kissingen,2.3000000000000003,31.3,40.1,Bayern,BY
9673,201109673,2011,Landkreis Rhön-Grabfeld,2.5,28.3,44.900000000000006,Bayern,BY
9674,201109674,2011,Landkreis Haßberge,2.5,26.8,46.2,Bayern,BY
9675,201109675,2011,Landkreis Kitzingen,2.4000000000000004,29.5,42.2,Bayern,BY
9676,201109676,2011,Landkreis Miltenberg,2.5,27.6,43.800000000000004,Bayern,BY
9677,201109677,2011,Landkreis Main-Spessart,2.4000000000000004,29.0,41.300000000000004,Bayern,BY
9678,201109678,2011,Landkreis Schweinfurt (Land),2.5,26.6,43.900000000000006,Bayern,BY
9679,201109679,2011,Landkreis Würzburg (Land),2.4000000000000004,29.6,40.7,Bayern,BY
9761,201109761,2011,Augsburg,1.9000000000000001,46.900000000000006,25.200000000000003,Bayern,BY
9762,201109762,2011,Kaufbeuren,2.0,41.5,30.0,Bayern,BY
9763,201109763,2011,Kempten (Allgäu),2.0,44.300000000000004,26.5,Bayern,BY
9764,201109764,2011,Memmingen,2.1,41.7,31.0,Bayern,BY
9771,201109771,2011,Landkreis Aichach-Friedberg,2.5,26.900000000000002,43.400000000000006,Bayern,BY
9772,201109772,2011,Landkreis Augsburg Land,2.4000000000000004,29.5,40.6,Bayern,BY
9773,201109773,2011,Landkreis Dillingen an der Donau,2.5,27.3,46.6,Bayern,BY
9774,201109774,2011,Landkreis Günzburg,2.5,29.5,43.800000000000004,Bayern,BY
9775,201109775,2011,Landkreis Neu-Ulm,2.3000000000000003,33.7,37.7,Bayern,BY
9776,201109776,2011,Landkreis Lindau (Bodensee),2.2,36.7,33.9,Bayern,BY
9777,201109777,2011,Landkreis Ostallgäu,2.4000000000000004,31.200000000000003,39.400000000000006,Bayern,BY
9778,201109778,2011,Landkreis Unterallgäu,2.5,29.900000000000002,42.800000000000004,Bayern,BY
9779,201109779,2011,Landkreis Donau-Ries,2.5,28.700000000000003,45.300000000000004,Bayern,BY
9780,201109780,2011,Landkreis Oberallgäu,2.2,35.5,34.300000000000004,Bayern,BY
10041,201110041,2011,Regionalverband Saarbrücken,2.0,41.6,29.200000000000003,Saarland,SL
10041100,201110041100,2011,Landeshauptstadt Saarbrücken,1.9000000000000001,47.7,25.3,Saarland,SL
10042,201110042,2011,Landkreis Merzig-Wadern,2.4000000000000004,29.200000000000003,40.0,Saarland,SL
10043,201110043,2011,Landkreis Neunkirchen,2.2,34.300000000000004,34.0,Saarland,SL
10044,201110044,2011,Landkreis Saarlouis,2.3000000000000003,30.700000000000003,38.5,Saarland,SL
10045,201110045,2011,Saarpfalz-Kreis,2.2,33.7,34.6,Saarland,SL
10046,201110046,2011,Landkreis St. Wendel,2.3000000000000003,28.900000000000002,39.7,Saarland,SL
11001001,201111001001,2011,Berlin-Mitte,,,,Berlin,BE
11002002,201111002002,2011,Berlin-Friedrichshain-Kreuzberg,,,,Berlin,BE
11003003,201111003003,2011,Berlin-Pankow,,,,Berlin,BE
11004004,201111004004,2011,Berlin-Charlottenburg-Wilmersdorf,,,,Berlin,BE
11005005,201111005005,2011,Berlin-Spandau,,,,Berlin,BE
11006006,201111006006,2011,Berlin-Steglitz-Zehlendorf,,,,Berlin,BE
11007007,201111007007,2011,Berlin-Tempelhof-Schöneberg,,,,Berlin,BE
11008008,201111008008,2011,Berlin-Neukölln,,,,Berlin,BE
11009009,201111009009,2011,Berlin-Treptow-Köpenick,,,,Berlin,BE
11010010,201111010010,2011,Berlin-Marzahn-Hellersdorf,,,,Berlin,BE
11011011,201111011011,2011,Berlin-Lichtenberg,,,,Berlin,BE
11012012,201111012012,2011,Berlin-Reinickendorf,,,,Berlin,BE
12051,201112051,2011,Brandenburg an der Havel,1.9000000000000001,41.900000000000006,24.5,Brandenburg,BB
12052,201112052,2011,Cottbus,1.9000000000000001,44.300000000000004,24.400000000000002,Brandenburg,BB
12053,201112053,2011,Frankfurt (Oder),1.9000000000000001,44.300000000000004,25.5,Brandenburg,BB
12054,201112054,2011,Potsdam,1.9000000000000001,43.400000000000006,25.5,Brandenburg,BB
12060,201112060,2011,Landkreis Barnim,2.1,31.8,32.0,Brandenburg,BB
12061,201112061,2011,Landkreis Dahme-Spreewald,2.2,31.3,33.5,Brandenburg,BB
12062,201112062,2011,Landkreis Elbe-Elster,2.2,32.6,35.2,Brandenburg,BB
12063,201112063,2011,Landkreis Havelland,2.2,30.8,35.1,Brandenburg,BB
12064,201112064,2011,Landkreis Märkisch-Oderland,2.1,31.0,33.0,Brandenburg,BB
12065,201112065,2011,Landkreis Oberhavel,2.1,31.700000000000003,32.800000000000004,Brandenburg,BB
12066,201112066,2011,Landkreis Oberspreewald-Lausitz,2.0,36.9,29.900000000000002,Brandenburg,BB
12067,201112067,2011,Landkreis Oder-Spree,2.1,33.5,32.5,Brandenburg,BB
12068,201112068,2011,Landkreis Ostprignitz-Ruppin,2.1,35.5,32.300000000000004,Brandenburg,BB
12069,201112069,2011,Landkreis Potsdam-Mittelmark,2.3000000000000003,27.6,38.800000000000004,Brandenburg,BB
12070,201112070,2011,Landkreis Prignitz,2.0,37.300000000000004,30.0,Brandenburg,BB
12071,201112071,2011,Landkreis Spree-Neiße,2.2,32.6,34.800000000000004,Brandenburg,BB
12072,201112072,2011,Landkreis Teltow-Fläming,2.1,33.4,33.4,Brandenburg,BB
12073,201112073,2011,Landkreis Uckermark,2.0,36.7,29.5,Brandenburg,BB
13001,201113001,2011,Greifswald,1.8,47.6,21.1,Mecklenburg-Vorpommern,MV
13002,201113002,2011,Neubrandenburg,1.8,45.6,23.1,Mecklenburg-Vorpommern,MV
13003,201113003,2011,Rostock,1.8,47.5,21.6,Mecklenburg-Vorpommern,MV
13004,201113004,2011,Schwerin,1.8,48.400000000000006,21.900000000000002,Mecklenburg-Vorpommern,MV
13005,201113005,2011,Stralsund,1.8,45.6,22.6,Mecklenburg-Vorpommern,MV
13006,201113006,2011,Wismar,1.9000000000000001,44.400000000000006,22.8,Mecklenburg-Vorpommern,MV
13051,201113051,2011,Landkreis Bad Doberan,2.3000000000000003,27.1,38.0,Mecklenburg-Vorpommern,MV
13052,201113052,2011,Landkreis Demmin,2.1,33.9,34.0,Mecklenburg-Vorpommern,MV
13053,201113053,2011,Landkreis Güstrow,2.1,35.5,33.300000000000004,Mecklenburg-Vorpommern,MV
13054,201113054,2011,Landkreis Ludwigslust,2.2,31.1,37.1,Mecklenburg-Vorpommern,MV
13055,201113055,2011,Landkreis Mecklenburg-Strelitz,2.1,33.4,33.4,Mecklenburg-Vorpommern,MV
13056,201113056,2011,Landkreis Müritz,2.1,34.1,32.1,Mecklenburg-Vorpommern,MV
13057,201113057,2011,Landkreis Nordvorpommern,2.2,31.700000000000003,34.300000000000004,Mecklenburg-Vorpommern,MV
13058,201113058,2011,Landkreis Nordwestmecklenburg,2.3000000000000003,28.5,38.400000000000006,Mecklenburg-Vorpommern,MV
13059,201113059,2011,Landkreis Ostvorpommern,2.2,33.1,33.800000000000004,Mecklenburg-Vorpommern,MV
13060,201113060,2011,Landkreis Parchim,2.2,31.900000000000002,35.6,Mecklenburg-Vorpommern,MV
13061,201113061,2011,Landkreis Rügen,2.0,36.9,28.8,Mecklenburg-Vorpommern,MV
13062,201113062,2011,Landkreis Uecker-Randow,2.1,35.300000000000004,31.6,Mecklenburg-Vorpommern,MV
13071,201113071,2011,Landkreis Mecklenburgische Seenplatte,,,,Mecklenburg-Vorpommern,MV
13072,201113072,2011,Landkreis Rostock,,,,Mecklenburg-Vorpommern,MV
13073,201113073,2011,Landkreis Vorpommern-Rügen,,,,Mecklenburg-Vorpommern,MV
13074,201113074,2011,Landkreis Nordwestmecklenburg,,,,Mecklenburg-Vorpommern,MV
13075,201113075,2011,Landkreis Vorpommern-Greifswald,,,,Mecklenburg-Vorpommern,MV
13076,201113076,2011,Landkreis Ludwigslust-Parchim,,,,Mecklenburg-Vorpommern,MV
14511,201114511,2011,Chemnitz,1.8,45.300000000000004,22.200000000000003,Sachsen,SN
14521,201114521,2011,Erzgebirgskreis,2.1,34.7,31.6,Sachsen,SN
14522,201114522,2011,Landkreis Mittelsachsen,2.1,35.2,30.900000000000002,Sachsen,SN
14523,201114523,2011,Vogtlandkreis,2.0,38.0,29.1,Sachsen,SN
14524,201114524,2011,Kreis Zwickau,2.0,37.800000000000004,27.700000000000003,Sachsen,SN
14612,201114612,2011,Dresden,1.9000000000000001,45.400000000000006,22.900000000000002,Sachsen,SN
14625,201114625,2011,Landkreis Bautzen,2.2,32.9,35.4,Sachsen,SN
14626,201114626,2011,Landkreis Görlitz,2.1,36.6,31.0,Sachsen,SN
14627,201114627,2011,Landkreis Meissen,2.1,35.0,32.0,Sachsen,SN
14628,201114628,2011,Landkreis Sächsische Schweiz-Osterzgebirge,2.1,34.7,31.0,Sachsen,SN
14713,201114713,2011,Leipzig,1.8,48.800000000000004,21.200000000000003,Sachsen,SN
14729,201114729,2011,Landkreis Leipzig,2.1,33.4,31.900000000000002,Sachsen,SN
14730,201114730,2011,Landkreis Nordsachsen,2.1,33.6,33.6,Sachsen,SN
15001,201115001,2011,Dessau-Rosslau,1.9000000000000001,40.2,24.6,Sachsen-Anhalt,ST
15002,201115002,2011,Halle (Saale),1.8,45.5,22.5,Sachsen-Anhalt,ST
15003,201115003,2011,Magdeburg,1.8,46.300000000000004,22.900000000000002,Sachsen-Anhalt,ST
15081,201115081,2011,Altmarkkreis Salzwedel,2.2,32.1,37.5,Sachsen-Anhalt,ST
15082,201115082,2011,Landkreis Anhalt-Bitterfeld,2.0,36.1,30.400000000000002,Sachsen-Anhalt,ST
15083,201115083,2011,Landkreis Börde,2.2,29.700000000000003,37.2,Sachsen-Anhalt,ST
15084,201115084,2011,Burgenlandkreis,2.1,35.9,30.900000000000002,Sachsen-Anhalt,ST
15085,201115085,2011,Landkreis Harz,2.0,36.6,29.200000000000003,Sachsen-Anhalt,ST
15086,201115086,2011,Landkreis Jerichower Land,2.1,32.9,33.7,Sachsen-Anhalt,ST
15087,201115087,2011,Landkreis Mansfeld-Südharz,2.1,33.2,32.0,Sachsen-Anhalt,ST
15088,201115088,2011,Saalekreis,2.2,31.5,34.0,Sachsen-Anhalt,ST
15089,201115089,2011,Salzlandkreis,2.0,36.5,29.400000000000002,Sachsen-Anhalt,ST
15090,201115090,2011,Landkreis Stendal,2.1,35.300000000000004,33.9,Sachsen-Anhalt,ST
15091,201115091,2011,Landkreis Wittenberg,2.1,34.1,32.0,Sachsen-Anhalt,ST
16051,201116051,2011,Erfurt,1.9000000000000001,43.900000000000006,25.0,Thüringen,TH
16052,201116052,2011,Gera,1.8,45.2,22.1,Thüringen,TH
16053,201116053,2011,Jena,1.9000000000000001,43.400000000000006,23.1,Thüringen,TH
16054,201116054,2011,Suhl,1.9000000000000001,41.400000000000006,25.1,Thüringen,TH
16055,201116055,2011,Weimar,1.9000000000000001,43.400000000000006,25.1,Thüringen,TH
16056,201116056,2011,Eisenach,1.9000000000000001,42.6,25.900000000000002,Thüringen,TH
16061,201116061,2011,Landkreis Eichsfeld,2.5,27.400000000000002,44.1,Thüringen,TH
16062,201116062,2011,Landkreis Nordhausen,2.1,35.0,33.0,Thüringen,TH
16063,201116063,2011,Landkreis Wartburgkreis,2.3000000000000003,28.5,41.900000000000006,Thüringen,TH
16064,201116064,2011,Landkreis Unstrut-Hainich-Kreis,2.2,32.6,37.5,Thüringen,TH
16065,201116065,2011,Landkreis Kyffhäuserkreis,2.2,31.200000000000003,37.0,Thüringen,TH
16066,201116066,2011,Landkreis Schmalkalden-Meiningen,2.2,31.0,38.1,Thüringen,TH
16067,201116067,2011,Landkreis Gotha,2.1,33.6,33.5,Thüringen,TH
16068,201116068,2011,Landkreis Sömmerda,2.2,29.3,37.9,Thüringen,TH
16069,201116069,2011,Landkreis Hildburghausen,2.4000000000000004,29.0,43.300000000000004,Thüringen,TH
16070,201116070,2011,Landkreis Ilm-Kreis,2.1,37.2,31.6,Thüringen,TH
16071,201116071,2011,Landkreis Weimarer Land,2.2,31.0,36.300000000000004,Thüringen,TH
16072,201116072,2011,Landkreis Sonneberg,2.1,34.4,34.2,Thüringen,TH
16073,201116073,2011,Landkreis Saalfeld-Rudolstadt,2.1,35.9,32.9,Thüringen,TH
16074,201116074,2011,Landkreis Saale-Holzland-Kreis,2.2,30.900000000000002,35.300000000000004,Thüringen,TH
16075,201116075,2011,Landkreis Saale-Orla-Kreis,2.2,32.4,37.6,Thüringen,TH
16076,201116076,2011,Landkreis Greiz,2.1,34.800000000000004,33.300000000000004,Thüringen,TH
16077,201116077,2011,Landkreis Altenburger Land,2.0,37.1,27.400000000000002,Thüringen,TH
