Schluessel,YearSchluessel,Year,Stadt-/Landkreis,Durchschnittsalter Gesamtbevölkerung,Durchschnittsalter weibliche Bevölkerung,Durchschnittsalter männliche Bevölkerung,Anteil Personen mit MHG an der Gesamtbevölkerung in %,Anteil Personen mit MHG 0 bis 19 Jahre in %,Anteil Personen mit MHG 20 bis 59 Jahre in %,Anteil Personen mit MHG 60 Jahre und älter in %,LAND_NAME,LAND_ABK
1001,201101001,2011,Flensburg,42.7,44.6,40.800000000000004,16.0,20.8,18.3,7.9,Schleswig-Holstein,SH
1002,201101002,2011,Kiel,41.300000000000004,42.5,40.0,18.900000000000002,30.200000000000003,19.900000000000002,8.4,Schleswig-Holstein,SH
1003,201101003,2011,Lübeck,44.2,45.800000000000004,42.5,16.8,23.3,18.5,9.8,Schleswig-Holstein,SH
1004,201101004,2011,Neumünster,43.5,45.0,41.900000000000006,16.900000000000002,26.3,18.400000000000002,7.7,Schleswig-Holstein,SH
1051,201101051,2011,Kreis Dithmarschen,44.1,45.400000000000006,42.800000000000004,7.0,9.600000000000001,8.200000000000001,3.1,Schleswig-Holstein,SH
1053,201101053,2011,Kreis Herzogtum Lauenburg,43.6,44.800000000000004,42.300000000000004,12.600000000000001,16.8,14.100000000000001,6.800000000000001,Schleswig-Holstein,SH
1054,201101054,2011,Kreis Nordfriesland,43.800000000000004,45.1,42.300000000000004,8.5,11.700000000000001,10.100000000000001,3.3000000000000003,Schleswig-Holstein,SH
1055,201101055,2011,Kreis Ostholstein,46.1,47.400000000000006,44.7,8.0,10.8,9.4,4.2,Schleswig-Holstein,SH
1056,201101056,2011,Kreis Pinneberg,43.6,44.800000000000004,42.300000000000004,15.0,20.700000000000003,16.900000000000002,7.2,Schleswig-Holstein,SH
1057,201101057,2011,Kreis Plön,45.0,46.2,43.7,6.9,9.8,7.7,3.7,Schleswig-Holstein,SH
1058,201101058,2011,Kreis Rendsburg-Eckernförde,43.5,44.7,42.300000000000004,8.5,11.4,9.600000000000001,4.2,Schleswig-Holstein,SH
1059,201101059,2011,Kreis Schleswig,43.5,44.6,42.300000000000004,7.5,9.3,8.700000000000001,4.0,Schleswig-Holstein,SH
1060,201101060,2011,Kreis Segeberg,43.0,44.1,41.900000000000006,13.5,17.2,15.4,6.9,Schleswig-Holstein,SH
1061,201101061,2011,Kreis Steinburg,43.6,44.800000000000004,42.400000000000006,9.600000000000001,14.100000000000001,10.3,5.1000000000000005,Schleswig-Holstein,SH
1062,201101062,2011,Kreis Stormarn,43.900000000000006,44.900000000000006,42.7,12.8,17.1,14.700000000000001,6.1000000000000005,Schleswig-Holstein,SH
2000,201102,2011,Hamburg,41.900000000000006,43.2,40.6,28.3,39.800000000000004,30.700000000000003,14.3,Hamburg,HH
3101,201103101,2011,Braunschweig,43.0,44.7,41.2,21.400000000000002,30.200000000000003,24.1,10.0,Niedersachsen,NI
3102,201103102,2011,Salzgitter,44.6,46.300000000000004,42.900000000000006,28.200000000000003,41.2,30.5,16.2,Niedersachsen,NI
3103,201103103,2011,Wolfsburg,44.2,45.400000000000006,42.900000000000006,30.900000000000002,39.900000000000006,34.4,18.900000000000002,Niedersachsen,NI
3151,201103151,2011,Landkreis Gifhorn,41.900000000000006,42.900000000000006,41.0,20.400000000000002,27.700000000000003,21.1,11.9,Niedersachsen,NI
3153,201103153,2011,Landkreis Goslar,46.6,48.6,44.5,12.600000000000001,17.400000000000002,14.600000000000001,7.0,Niedersachsen,NI
3154,201103154,2011,Landkreis Helmstedt,45.1,46.5,43.5,10.200000000000001,13.5,11.700000000000001,5.4,Niedersachsen,NI
3155,201103155,2011,Landkreis Northeim,45.400000000000006,47.0,43.7,12.5,19.700000000000003,13.4,6.6000000000000005,Niedersachsen,NI
3156,201103156,2011,Landkreis Osterode am Harz,47.0,48.7,45.2,11.600000000000001,19.200000000000003,13.200000000000001,5.2,Niedersachsen,NI
3157,201103157,2011,Landkreis Peine,43.300000000000004,44.7,41.800000000000004,13.9,20.5,15.4,5.6000000000000005,Niedersachsen,NI
3158,201103158,2011,Landkreis Wolfenbüttel,44.400000000000006,45.7,43.0,11.8,17.6,13.4,5.0,Niedersachsen,NI
3159,201103159,2011,Landkreis Göttingen,,,,,,,,Niedersachsen,NI
3241,201103241,2011,Hannover,43.2,44.5,41.900000000000006,24.1,34.1,26.200000000000003,12.700000000000001,Niedersachsen,NI
3241001,201103241001,2011,Landeshauptstadt Hannover,42.300000000000004,43.7,40.800000000000004,30.6,45.5,31.8,17.6,Niedersachsen,NI
3251,201103251,2011,Landkreis Diepholz,43.6,44.800000000000004,42.300000000000004,12.9,19.0,14.5,5.2,Niedersachsen,NI
3252,201103252,2011,Landkreis Hameln-Pyrmont,45.400000000000006,47.1,43.6,17.1,25.3,18.8,9.3,Niedersachsen,NI
3254,201103254,2011,Landkreis Hildesheim,44.0,45.300000000000004,42.6,15.3,23.3,16.400000000000002,7.800000000000001,Niedersachsen,NI
3255,201103255,2011,Landkreis Holzminden,45.5,47.0,44.0,14.100000000000001,21.200000000000003,14.9,8.5,Niedersachsen,NI
3256,201103256,2011,Landkreis Nienburg (Weser),43.300000000000004,44.800000000000004,41.800000000000004,16.8,25.200000000000003,18.400000000000002,7.300000000000001,Niedersachsen,NI
3257,201103257,2011,Landkreis Schaumburg,44.800000000000004,46.2,43.300000000000004,14.4,20.0,16.3,7.5,Niedersachsen,NI
3351,201103351,2011,Landkreis Celle,43.7,45.1,42.1,14.700000000000001,21.0,16.1,7.5,Niedersachsen,NI
3352,201103352,2011,Landkreis Cuxhaven,44.7,46.0,43.400000000000006,10.600000000000001,15.3,12.4,4.4,Niedersachsen,NI
3353,201103353,2011,Landkreis Harburg,43.5,44.5,42.400000000000006,11.700000000000001,17.7,12.700000000000001,5.4,Niedersachsen,NI
3354,201103354,2011,Landkreis Lüchow-Dannenberg,46.2,47.800000000000004,44.6,8.9,14.600000000000001,10.4,,Niedersachsen,NI
3355,201103355,2011,Landkreis Lüneburg,41.800000000000004,42.900000000000006,40.7,13.0,17.900000000000002,14.100000000000001,6.0,Niedersachsen,NI
3356,201103356,2011,Landkreis Osterholz,43.800000000000004,45.1,42.5,10.8,16.2,11.9,4.9,Niedersachsen,NI
3357,201103357,2011,Landkreis Rotenburg (Wümme),42.1,43.400000000000006,40.800000000000004,12.200000000000001,17.5,13.100000000000001,5.6000000000000005,Niedersachsen,NI
3358,201103358,2011,Landkreis Heidekreis,43.400000000000006,44.900000000000006,41.900000000000006,13.200000000000001,18.3,14.9,6.0,Niedersachsen,NI
3359,201103359,2011,Landkreis Stade,42.400000000000006,43.7,41.2,13.5,17.5,15.5,6.1000000000000005,Niedersachsen,NI
3360,201103360,2011,Landkreis Uelzen,45.2,46.6,43.6,11.0,15.700000000000001,12.700000000000001,5.2,Niedersachsen,NI
3361,201103361,2011,Landkreis Verden,43.0,44.0,41.900000000000006,17.2,27.6,18.1,7.2,Niedersachsen,NI
3401,201103401,2011,Delmenhorst,43.6,45.0,42.2,25.400000000000002,38.2,26.3,14.700000000000001,Niedersachsen,NI
3402,201103402,2011,Emden,42.5,43.7,41.2,14.5,20.3,15.9,7.300000000000001,Niedersachsen,NI
3403,201103403,2011,Oldenburg,41.800000000000004,42.7,40.800000000000004,17.1,26.400000000000002,18.3,7.300000000000001,Niedersachsen,NI
3404,201103404,2011,Osnabrück,42.300000000000004,43.7,40.800000000000004,24.400000000000002,35.300000000000004,26.3,12.8,Niedersachsen,NI
3405,201103405,2011,Wilhelmshaven,45.400000000000006,47.400000000000006,43.2,16.0,24.200000000000003,19.1,6.6000000000000005,Niedersachsen,NI
3451,201103451,2011,Landkreis Ammerland,43.0,44.2,41.900000000000006,9.8,13.600000000000001,11.0,4.4,Niedersachsen,NI
3452,201103452,2011,Landkreis Aurich,43.0,44.300000000000004,41.6,7.300000000000001,9.700000000000001,8.3,3.4000000000000004,Niedersachsen,NI
3453,201103453,2011,Landkreis Cloppenburg,39.1,40.300000000000004,37.9,25.8,34.6,27.0,11.600000000000001,Niedersachsen,NI
3454,201103454,2011,Landkreis Emsland,40.900000000000006,42.1,39.7,16.7,20.5,18.3,9.0,Niedersachsen,NI
3455,201103455,2011,Landkreis Friesland,44.6,45.900000000000006,43.2,7.1000000000000005,11.700000000000001,7.9,2.6,Niedersachsen,NI
3456,201103456,2011,Landkreis Grafschaft Bentheim,41.800000000000004,42.900000000000006,40.6,21.6,29.0,22.400000000000002,13.0,Niedersachsen,NI
3457,201103457,2011,Landkreis Leer,42.2,43.5,41.0,10.5,13.8,11.700000000000001,5.1000000000000005,Niedersachsen,NI
3458,201103458,2011,Landkreis Oldenburg (Land),42.800000000000004,43.7,41.7,10.4,15.100000000000001,11.5,4.2,Niedersachsen,NI
3459,201103459,2011,Landkreis Osnabrück (Land),41.900000000000006,43.2,40.6,19.400000000000002,26.200000000000003,21.200000000000003,9.4,Niedersachsen,NI
3460,201103460,2011,Landkreis Vechta,39.1,40.2,38.0,20.700000000000003,25.6,22.5,9.3,Niedersachsen,NI
3461,201103461,2011,Landkreis Wesermarsch,43.800000000000004,45.2,42.300000000000004,13.4,20.700000000000003,14.9,5.0,Niedersachsen,NI
3462,201103462,2011,Landkreis Wittmund,43.6,44.6,42.5,6.5,7.4,7.6000000000000005,3.9000000000000004,Niedersachsen,NI
4011,201104011,2011,Bremen,43.2,44.900000000000006,41.5,26.5,39.1,29.0,13.4,Bremen,HB
4012,201104012,2011,Bremerhaven,43.800000000000004,45.400000000000006,42.2,26.200000000000003,42.2,28.700000000000003,11.100000000000001,Bremen,HB
5111,201105111,2011,Düsseldorf,42.900000000000006,44.2,41.6,32.9,45.400000000000006,35.6,18.6,Nordrhein-Westfalen,NW
5112,201105112,2011,Duisburg,43.2,44.7,41.7,31.200000000000003,44.7,34.300000000000004,15.4,Nordrhein-Westfalen,NW
5113,201105113,2011,Essen,44.1,45.5,42.400000000000006,24.5,37.800000000000004,27.400000000000002,10.600000000000001,Nordrhein-Westfalen,NW
5114,201105114,2011,Krefeld,43.7,45.0,42.400000000000006,28.200000000000003,37.2,31.900000000000002,15.0,Nordrhein-Westfalen,NW
5116,201105116,2011,Mönchengladbach,43.300000000000004,44.7,41.7,25.8,36.2,28.1,13.9,Nordrhein-Westfalen,NW
5117,201105117,2011,Mülheim an der Ruhr,45.300000000000004,46.7,43.6,23.6,31.8,28.1,11.100000000000001,Nordrhein-Westfalen,NW
5119,201105119,2011,Oberhausen,43.900000000000006,45.5,42.300000000000004,23.5,35.1,25.3,12.0,Nordrhein-Westfalen,NW
5120,201105120,2011,Remscheid,43.900000000000006,45.2,42.6,29.8,40.2,34.1,14.700000000000001,Nordrhein-Westfalen,NW
5122,201105122,2011,Solingen,43.5,45.0,41.900000000000006,29.0,37.5,31.5,17.6,Nordrhein-Westfalen,NW
5124,201105124,2011,Wuppertal,43.400000000000006,45.1,41.6,31.8,44.6,35.300000000000004,16.1,Nordrhein-Westfalen,NW
5154,201105154,2011,Kreis Kleve,42.5,43.800000000000004,41.300000000000004,18.3,22.5,20.5,10.0,Nordrhein-Westfalen,NW
5158,201105158,2011,Kreis Mettmann,44.6,45.900000000000006,43.300000000000004,24.400000000000002,32.1,27.6,13.8,Nordrhein-Westfalen,NW
5162,201105162,2011,Rhein-Kreis Neuss,43.5,44.7,42.1,23.0,30.1,25.5,12.8,Nordrhein-Westfalen,NW
5166,201105166,2011,Kreis Viersen,43.300000000000004,44.5,42.1,16.8,22.0,18.900000000000002,8.700000000000001,Nordrhein-Westfalen,NW
5170,201105170,2011,Kreis Wesel,44.0,45.2,42.800000000000004,19.0,25.0,20.5,11.8,Nordrhein-Westfalen,NW
5314,201105314,2011,Bonn,41.2,42.5,39.7,31.0,46.5,32.300000000000004,14.9,Nordrhein-Westfalen,NW
5315,201105315,2011,Köln,41.300000000000004,42.400000000000006,40.2,32.300000000000004,42.900000000000006,34.0,19.6,Nordrhein-Westfalen,NW
5316,201105316,2011,Leverkusen,43.7,44.900000000000006,42.400000000000006,32.1,42.300000000000004,34.2,21.200000000000003,Nordrhein-Westfalen,NW
5334,201105334,2011,Aachen,42.2,44.0,40.400000000000006,24.6,32.4,27.0,13.600000000000001,Nordrhein-Westfalen,NW
5354,201105354,2011,Kreis Aachen,,,,,,,,Nordrhein-Westfalen,NW
5358,201105358,2011,Kreis Düren,42.900000000000006,44.2,41.6,19.1,26.200000000000003,21.200000000000003,9.200000000000001,Nordrhein-Westfalen,NW
5362,201105362,2011,Rhein-Erft-Kreis,43.0,44.2,41.800000000000004,22.0,30.1,24.3,11.3,Nordrhein-Westfalen,NW
5366,201105366,2011,Kreis Euskirchen,43.1,44.300000000000004,41.900000000000006,16.1,22.200000000000003,17.7,8.0,Nordrhein-Westfalen,NW
5370,201105370,2011,Kreis Heinsberg,42.6,43.800000000000004,41.300000000000004,20.6,26.6,22.3,12.100000000000001,Nordrhein-Westfalen,NW
5374,201105374,2011,Oberbergischer Kreis,42.6,43.900000000000006,41.2,26.900000000000002,36.5,29.0,14.700000000000001,Nordrhein-Westfalen,NW
5378,201105378,2011,Rheinisch-Bergischer Kreis,44.0,45.1,42.7,19.1,24.400000000000002,21.3,11.3,Nordrhein-Westfalen,NW
5382,201105382,2011,Rhein-Sieg-Kreis,42.6,43.7,41.6,22.1,28.8,24.400000000000002,11.8,Nordrhein-Westfalen,NW
5512,201105512,2011,Bottrop,43.800000000000004,45.5,42.0,23.200000000000003,35.7,23.900000000000002,12.9,Nordrhein-Westfalen,NW
5513,201105513,2011,Gelsenkirchen,43.300000000000004,45.0,41.6,29.400000000000002,45.2,31.200000000000003,14.700000000000001,Nordrhein-Westfalen,NW
5515,201105515,2011,Münster,40.5,41.800000000000004,39.1,20.400000000000002,27.8,22.0,9.9,Nordrhein-Westfalen,NW
5554,201105554,2011,Kreis Borken,40.7,41.900000000000006,39.5,14.700000000000001,18.2,15.8,8.6,Nordrhein-Westfalen,NW
5558,201105558,2011,Kreis Coesfeld,42.0,43.300000000000004,40.6,11.3,15.0,12.3,5.800000000000001,Nordrhein-Westfalen,NW
5562,201105562,2011,Kreis Recklinghausen,44.1,45.6,42.400000000000006,20.1,28.200000000000003,21.8,11.3,Nordrhein-Westfalen,NW
5566,201105566,2011,Kreis Steinfurt,41.6,42.900000000000006,40.2,16.2,21.200000000000003,17.8,7.9,Nordrhein-Westfalen,NW
5570,201105570,2011,Kreis Warendorf,42.300000000000004,43.6,41.0,21.1,26.900000000000002,23.3,11.600000000000001,Nordrhein-Westfalen,NW
5711,201105711,2011,Bielefeld,42.1,43.6,40.400000000000006,32.9,47.400000000000006,35.0,17.2,Nordrhein-Westfalen,NW
5754,201105754,2011,Kreis Gütersloh,41.6,42.900000000000006,40.300000000000004,26.8,34.5,29.5,13.700000000000001,Nordrhein-Westfalen,NW
5758,201105758,2011,Kreis Herford,43.400000000000006,45.1,41.7,26.0,36.7,28.900000000000002,12.5,Nordrhein-Westfalen,NW
5762,201105762,2011,Kreis Höxter,43.1,44.6,41.5,17.5,23.700000000000003,18.900000000000002,9.9,Nordrhein-Westfalen,NW
5766,201105766,2011,Kreis Lippe,43.2,44.7,41.7,26.200000000000003,38.5,28.3,12.700000000000001,Nordrhein-Westfalen,NW
5770,201105770,2011,Kreis Minden-Lübbecke,43.2,44.7,41.5,23.900000000000002,34.800000000000004,26.200000000000003,10.8,Nordrhein-Westfalen,NW
5774,201105774,2011,Kreis Paderborn,40.5,41.800000000000004,39.1,28.3,36.1,29.900000000000002,16.400000000000002,Nordrhein-Westfalen,NW
5911,201105911,2011,Bochum,44.2,45.6,42.6,23.5,35.1,26.3,11.200000000000001,Nordrhein-Westfalen,NW
5913,201105913,2011,Dortmund,43.1,44.7,41.400000000000006,28.900000000000002,39.900000000000006,31.400000000000002,16.1,Nordrhein-Westfalen,NW
5914,201105914,2011,Hagen,44.2,45.6,42.6,32.7,46.5,37.2,15.5,Nordrhein-Westfalen,NW
5915,201105915,2011,Hamm,42.6,44.0,41.1,29.200000000000003,42.400000000000006,30.200000000000003,16.8,Nordrhein-Westfalen,NW
5916,201105916,2011,Herne,44.2,45.900000000000006,42.300000000000004,27.5,41.5,30.5,12.700000000000001,Nordrhein-Westfalen,NW
5954,201105954,2011,Ennepe-Ruhr-Kreis,44.900000000000006,46.400000000000006,43.300000000000004,19.6,26.6,22.3,10.600000000000001,Nordrhein-Westfalen,NW
5958,201105958,2011,Hochsauerlandkreis,43.2,44.7,41.6,17.400000000000002,24.3,18.900000000000002,8.9,Nordrhein-Westfalen,NW
5962,201105962,2011,Märkischer Kreis,43.1,44.6,41.6,28.0,37.0,31.1,15.0,Nordrhein-Westfalen,NW
5966,201105966,2011,Kreis Olpe,42.0,43.300000000000004,40.7,17.7,23.8,19.8,7.7,Nordrhein-Westfalen,NW
5970,201105970,2011,Kreis Siegen-Wittgenstein,43.1,44.5,41.7,20.200000000000003,28.5,22.6,9.4,Nordrhein-Westfalen,NW
5974,201105974,2011,Kreis Soest,42.800000000000004,44.2,41.400000000000006,20.400000000000002,26.400000000000002,22.900000000000002,10.3,Nordrhein-Westfalen,NW
5978,201105978,2011,Kreis Unna,43.900000000000006,45.300000000000004,42.300000000000004,23.3,32.1,25.5,12.600000000000001,Nordrhein-Westfalen,NW
6411,201106411,2011,Darmstadt,41.2,43.2,39.2,32.9,43.7,35.6,17.900000000000002,Hessen,HE
6412,201106412,2011,Frankfurt (Main),40.800000000000004,41.7,39.800000000000004,44.2,57.1,47.300000000000004,25.1,Hessen,HE
6413,201106413,2011,Offenbach am Main,41.1,42.2,40.0,49.7,60.400000000000006,54.400000000000006,29.6,Hessen,HE
6414,201106414,2011,Wiesbaden,42.300000000000004,43.5,41.0,33.800000000000004,44.900000000000006,37.0,18.7,Hessen,HE
6431,201106431,2011,Landkreis Bergstrasse,43.800000000000004,45.1,42.5,18.2,25.3,20.1,9.600000000000001,Hessen,HE
6432,201106432,2011,Landkreis Darmstadt-Dieburg,42.7,43.800000000000004,41.7,22.200000000000003,29.3,24.400000000000002,11.8,Hessen,HE
6433,201106433,2011,Landkreis Groß-Gerau,42.2,43.2,41.2,32.1,42.6,35.1,17.3,Hessen,HE
6434,201106434,2011,Hochtaunuskreis,43.7,45.0,42.300000000000004,24.0,31.700000000000003,27.0,12.8,Hessen,HE
6435,201106435,2011,Main-Kinzig-Kreis,43.2,44.300000000000004,42.0,24.6,33.6,27.3,12.3,Hessen,HE
6436,201106436,2011,Main-Taunus-Kreis,43.1,44.2,41.900000000000006,26.0,35.1,28.6,14.0,Hessen,HE
6437,201106437,2011,Odenwaldkreis,43.900000000000006,45.1,42.6,22.400000000000002,33.800000000000004,24.200000000000003,10.700000000000001,Hessen,HE
6438,201106438,2011,Landkreis Offenbach,43.1,44.2,42.0,30.200000000000003,40.7,33.300000000000004,16.2,Hessen,HE
6439,201106439,2011,Rheingau-Taunus-Kreis,43.900000000000006,45.0,42.7,16.8,23.1,19.0,8.0,Hessen,HE
6440,201106440,2011,Wetteraukreis,43.0,44.2,41.800000000000004,19.1,25.900000000000002,21.0,10.0,Hessen,HE
6531,201106531,2011,Landkreis Gießen,42.0,43.1,40.900000000000006,24.1,32.5,26.3,12.8,Hessen,HE
6532,201106532,2011,Lahn-Dill Kreis,43.2,44.5,41.800000000000004,22.0,30.1,24.400000000000002,11.0,Hessen,HE
6533,201106533,2011,Landkreis Limburg-Weilburg,42.900000000000006,44.1,41.5,19.6,26.700000000000003,21.900000000000002,8.9,Hessen,HE
6534,201106534,2011,Landkreis Marburg-Biedenkopf,41.7,42.7,40.6,18.900000000000002,24.3,21.200000000000003,9.200000000000001,Hessen,HE
6535,201106535,2011,Vogelsbergkreis,44.900000000000006,46.2,43.7,12.700000000000001,18.900000000000002,14.0,6.1000000000000005,Hessen,HE
6611,201106611,2011,Kassel,42.400000000000006,43.900000000000006,40.7,30.3,43.5,32.7,15.9,Hessen,HE
6631,201106631,2011,Landkreis Fulda,42.400000000000006,43.7,41.1,16.8,23.5,17.5,9.700000000000001,Hessen,HE
6632,201106632,2011,Landkreis Hersfeld-Rotenburg,44.800000000000004,46.2,43.300000000000004,16.2,25.200000000000003,17.900000000000002,7.4,Hessen,HE
6633,201106633,2011,Landkreis Kassel (Land),45.0,46.300000000000004,43.6,14.100000000000001,18.900000000000002,16.3,7.2,Hessen,HE
6634,201106634,2011,Schwalm-Eder Kreis,44.2,45.6,42.800000000000004,13.600000000000001,17.3,15.4,7.5,Hessen,HE
6635,201106635,2011,Landkreis Waldeck-Frankenberg,44.0,45.400000000000006,42.5,18.3,25.6,20.200000000000003,9.600000000000001,Hessen,HE
6636,201106636,2011,Werra-Meißner Kreis,45.800000000000004,47.1,44.5,11.4,15.700000000000001,13.3,5.9,Hessen,HE
7111,201107111,2011,Koblenz,43.7,45.2,42.2,23.700000000000003,35.6,27.0,9.9,Rheinland-Pfalz,RP
7131,201107131,2011,Landkreis Ahrweiler,44.900000000000006,46.1,43.5,15.100000000000001,24.1,17.0,6.0,Rheinland-Pfalz,RP
7132,201107132,2011,Landkreis Altenkirchen (Westerwald),43.300000000000004,44.7,41.900000000000006,17.7,25.1,19.3,9.1,Rheinland-Pfalz,RP
7133,201107133,2011,Landkreis Bad Kreuznach,44.0,45.300000000000004,42.5,18.3,26.0,20.6,8.6,Rheinland-Pfalz,RP
7134,201107134,2011,Landkreis Birkenfeld,44.900000000000006,46.5,43.300000000000004,16.5,24.400000000000002,18.8,7.5,Rheinland-Pfalz,RP
7135,201107135,2011,Landkreis Cochem-Zell,44.6,46.0,43.1,13.8,20.8,15.700000000000001,5.800000000000001,Rheinland-Pfalz,RP
7137,201107137,2011,Landkreis Mayen-Koblenz,43.5,44.800000000000004,42.2,17.1,24.5,18.5,8.8,Rheinland-Pfalz,RP
7138,201107138,2011,Landkreis Neuwied,43.6,44.900000000000006,42.1,22.700000000000003,32.9,24.3,11.9,Rheinland-Pfalz,RP
7140,201107140,2011,Rhein-Hunsrück-Kreis,43.7,45.0,42.300000000000004,18.1,24.900000000000002,20.400000000000002,8.5,Rheinland-Pfalz,RP
7141,201107141,2011,Rhein-Lahn-Kreis,44.400000000000006,45.7,43.0,16.0,23.3,18.2,7.0,Rheinland-Pfalz,RP
7143,201107143,2011,Westerwaldkreis,42.7,43.900000000000006,41.5,18.0,26.1,19.200000000000003,8.9,Rheinland-Pfalz,RP
7211,201107211,2011,Trier,41.0,42.300000000000004,39.6,18.900000000000002,25.6,21.8,6.5,Rheinland-Pfalz,RP
7231,201107231,2011,Landkreis Bernkastel-Wittlich,43.900000000000006,45.2,42.6,12.9,20.400000000000002,14.3,4.800000000000001,Rheinland-Pfalz,RP
7232,201107232,2011,Eifelkreis Bitburg-Prüm,42.900000000000006,44.300000000000004,41.6,13.9,18.900000000000002,15.5,6.5,Rheinland-Pfalz,RP
7233,201107233,2011,Landkreis Vulkaneifel,44.300000000000004,45.6,43.0,14.3,20.6,14.700000000000001,9.1,Rheinland-Pfalz,RP
7235,201107235,2011,Landkreis Trier-Saarburg,42.800000000000004,43.900000000000006,41.6,12.600000000000001,17.900000000000002,13.600000000000001,6.0,Rheinland-Pfalz,RP
7311,201107311,2011,Frankenthal (Pfalz),44.0,45.300000000000004,42.5,37.0,49.800000000000004,39.7,23.6,Rheinland-Pfalz,RP
7312,201107312,2011,Kaiserslautern,42.5,44.400000000000006,40.6,28.3,37.800000000000004,30.900000000000002,16.1,Rheinland-Pfalz,RP
7313,201107313,2011,Landau in der Pfalz,42.300000000000004,43.5,40.800000000000004,19.1,27.400000000000002,21.1,8.200000000000001,Rheinland-Pfalz,RP
7314,201107314,2011,Ludwigshafen am Rhein,42.2,43.5,40.800000000000004,37.300000000000004,51.1,41.300000000000004,18.2,Rheinland-Pfalz,RP
7315,201107315,2011,Mainz,40.900000000000006,42.1,39.6,29.3,42.2,30.6,16.8,Rheinland-Pfalz,RP
7316,201107316,2011,Neustadt an der Weinstrasse,44.900000000000006,46.5,43.2,20.8,26.1,23.1,13.200000000000001,Rheinland-Pfalz,RP
7317,201107317,2011,Pirmasens,46.0,48.0,43.900000000000006,16.5,23.0,19.900000000000002,7.1000000000000005,Rheinland-Pfalz,RP
7318,201107318,2011,Speyer,43.6,45.0,42.0,27.700000000000003,35.7,30.900000000000002,15.600000000000001,Rheinland-Pfalz,RP
7319,201107319,2011,Worms,42.7,44.0,41.300000000000004,28.200000000000003,37.2,30.3,17.0,Rheinland-Pfalz,RP
7320,201107320,2011,Zweibrücken,44.300000000000004,46.300000000000004,42.2,20.400000000000002,27.8,23.8,9.5,Rheinland-Pfalz,RP
7331,201107331,2011,Landkreis Alzey-Worms,42.400000000000006,43.5,41.2,17.900000000000002,25.700000000000003,19.400000000000002,7.800000000000001,Rheinland-Pfalz,RP
7332,201107332,2011,Landkreis Bad Dürkheim,44.900000000000006,46.1,43.6,13.8,19.6,15.200000000000001,7.4,Rheinland-Pfalz,RP
7333,201107333,2011,Donnersbergkreis,43.1,44.2,41.900000000000006,17.8,27.1,18.6,8.5,Rheinland-Pfalz,RP
7334,201107334,2011,Landkreis Germersheim,42.0,43.0,41.0,23.400000000000002,30.700000000000003,25.1,12.8,Rheinland-Pfalz,RP
7335,201107335,2011,Landkreis Kaiserslautern (Land),43.300000000000004,44.6,42.0,17.1,25.1,18.3,8.4,Rheinland-Pfalz,RP
7336,201107336,2011,Landkreis Kusel,44.7,46.0,43.300000000000004,11.700000000000001,18.0,12.5,5.9,Rheinland-Pfalz,RP
7337,201107337,2011,Landkreis Südliche Weinstrasse,44.0,45.300000000000004,42.800000000000004,11.3,15.9,12.4,5.9,Rheinland-Pfalz,RP
7338,201107338,2011,Rhein-Pfalz-Kreis,44.2,45.300000000000004,43.2,16.7,23.900000000000002,19.1,7.2,Rheinland-Pfalz,RP
7339,201107339,2011,Landkreis Mainz-Bingen,42.6,43.7,41.5,15.600000000000001,21.200000000000003,17.1,7.7,Rheinland-Pfalz,RP
7340,201107340,2011,Landkreis Südwestpfalz,45.2,46.400000000000006,43.900000000000006,8.5,12.200000000000001,9.4,4.3,Rheinland-Pfalz,RP
8111,201108111,2011,Stuttgart,41.400000000000006,42.800000000000004,40.1,38.6,50.900000000000006,41.0,23.400000000000002,Baden-Württemberg,BW
8115,201108115,2011,Landkreis Böblingen,42.0,43.1,40.900000000000006,30.8,37.2,33.9,18.6,Baden-Württemberg,BW
8116,201108116,2011,Landkreis Esslingen,42.400000000000006,43.6,41.2,26.900000000000002,33.300000000000004,29.700000000000003,15.700000000000001,Baden-Württemberg,BW
8117,201108117,2011,Landkreis Göppingen,43.1,44.400000000000006,41.7,26.900000000000002,32.300000000000004,30.1,16.400000000000002,Baden-Württemberg,BW
8118,201108118,2011,Landkreis Ludwigsburg,42.1,43.1,41.0,29.0,36.2,31.3,17.8,Baden-Württemberg,BW
8119,201108119,2011,Rems-Murr-Kreis,42.7,43.900000000000006,41.400000000000006,24.8,30.3,27.700000000000003,14.200000000000001,Baden-Württemberg,BW
8121,201108121,2011,Heilbronn,42.400000000000006,44.0,40.7,44.1,56.300000000000004,49.0,24.5,Baden-Württemberg,BW
8125,201108125,2011,Landkreis Heilbronn (Land),41.7,42.800000000000004,40.5,25.400000000000002,32.300000000000004,27.400000000000002,14.5,Baden-Württemberg,BW
8126,201108126,2011,Hohenlohekreis,41.6,42.900000000000006,40.400000000000006,24.5,28.400000000000002,26.200000000000003,17.2,Baden-Württemberg,BW
8127,201108127,2011,Landkreis Schwäbisch Hall,41.5,42.900000000000006,40.1,24.0,32.6,25.0,13.9,Baden-Württemberg,BW
8128,201108128,2011,Main-Tauber-Kreis,43.5,44.800000000000004,42.2,17.3,22.200000000000003,19.5,9.4,Baden-Württemberg,BW
8135,201108135,2011,Landkreis Heidenheim,43.400000000000006,44.900000000000006,41.7,24.900000000000002,30.5,28.0,14.8,Baden-Württemberg,BW
8136,201108136,2011,Ostalbkreis,42.0,43.400000000000006,40.6,22.0,26.400000000000002,23.900000000000002,14.100000000000001,Baden-Württemberg,BW
8211,201108211,2011,Baden-Baden,46.900000000000006,48.7,44.900000000000006,26.6,35.9,30.1,16.900000000000002,Baden-Württemberg,BW
8212,201108212,2011,Karlsruhe,41.800000000000004,43.6,40.1,30.5,35.0,33.9,18.7,Baden-Württemberg,BW
8215,201108215,2011,Landkreis Karlsruhe (Land),42.900000000000006,44.1,41.6,20.700000000000003,26.1,23.1,11.200000000000001,Baden-Württemberg,BW
8216,201108216,2011,Landkreis Rastatt,43.300000000000004,44.6,42.0,23.700000000000003,26.900000000000002,26.5,15.700000000000001,Baden-Württemberg,BW
8221,201108221,2011,Heidelberg,39.900000000000006,40.800000000000004,38.800000000000004,30.5,39.400000000000006,32.2,18.7,Baden-Württemberg,BW
8222,201108222,2011,Mannheim,42.0,43.2,40.800000000000004,36.4,48.400000000000006,39.300000000000004,20.900000000000002,Baden-Württemberg,BW
8225,201108225,2011,Neckar-Odenwald-Kreis,42.900000000000006,44.2,41.6,18.7,26.1,20.200000000000003,10.0,Baden-Württemberg,BW
8226,201108226,2011,Rhein-Neckar-Kreis,43.0,44.2,41.800000000000004,21.1,28.6,23.400000000000002,10.8,Baden-Württemberg,BW
8231,201108231,2011,Pforzheim,42.900000000000006,44.7,40.900000000000006,46.800000000000004,60.6,51.900000000000006,26.700000000000003,Baden-Württemberg,BW
8235,201108235,2011,Landkreis Calw,42.5,43.7,41.2,24.3,27.400000000000002,27.200000000000003,15.5,Baden-Württemberg,BW
8236,201108236,2011,Enzkreis,42.7,44.0,41.300000000000004,21.700000000000003,28.200000000000003,23.3,12.9,Baden-Württemberg,BW
8237,201108237,2011,Landkreis Freudenstadt,42.2,43.6,40.7,21.200000000000003,26.3,22.8,13.100000000000001,Baden-Württemberg,BW
8311,201108311,2011,Freiburg im Breisgau,39.900000000000006,41.1,38.6,28.400000000000002,38.6,29.900000000000002,15.3,Baden-Württemberg,BW
8315,201108315,2011,Landkreis Breisgau-Hochschwarzwald,42.7,43.900000000000006,41.400000000000006,17.6,21.900000000000002,19.1,10.9,Baden-Württemberg,BW
8316,201108316,2011,Landkreis Emmendingen,42.400000000000006,43.7,41.0,15.600000000000001,21.1,16.8,8.5,Baden-Württemberg,BW
8317,201108317,2011,Ortenaukreis,42.5,43.900000000000006,41.1,21.200000000000003,27.400000000000002,23.0,12.4,Baden-Württemberg,BW
8325,201108325,2011,Landkreis Rottweil,42.5,43.800000000000004,41.1,21.6,26.1,24.3,12.200000000000001,Baden-Württemberg,BW
8326,201108326,2011,Schwarzwald-Baar-Kreis,43.400000000000006,44.7,42.0,26.5,32.7,29.700000000000003,15.700000000000001,Baden-Württemberg,BW
8327,201108327,2011,Landkreis Tuttlingen,41.800000000000004,43.0,40.6,31.3,38.400000000000006,33.9,19.400000000000002,Baden-Württemberg,BW
8335,201108335,2011,Landkreis Konstanz,42.6,43.800000000000004,41.300000000000004,23.8,29.400000000000002,26.3,14.200000000000001,Baden-Württemberg,BW
8336,201108336,2011,Landkreis Lörrach,42.400000000000006,43.5,41.2,23.900000000000002,31.6,25.400000000000002,14.100000000000001,Baden-Württemberg,BW
8337,201108337,2011,Landkreis Waldshut,42.5,43.800000000000004,41.2,22.5,28.3,24.0,14.700000000000001,Baden-Württemberg,BW
8415,201108415,2011,Landkreis Reutlingen,42.400000000000006,43.7,41.0,26.0,28.8,28.8,17.7,Baden-Württemberg,BW
8416,201108416,2011,Landkreis Tübingen,39.900000000000006,40.800000000000004,38.900000000000006,22.0,24.400000000000002,23.900000000000002,14.3,Baden-Württemberg,BW
8417,201108417,2011,Zollernalbkreis,43.300000000000004,44.7,41.800000000000004,24.1,30.8,26.200000000000003,15.0,Baden-Württemberg,BW
8421,201108421,2011,Ulm,41.300000000000004,42.7,39.900000000000006,33.7,43.300000000000004,34.9,23.3,Baden-Württemberg,BW
8425,201108425,2011,Alb-Donau-Kreis,41.300000000000004,42.5,40.1,20.0,25.900000000000002,21.8,10.200000000000001,Baden-Württemberg,BW
8426,201108426,2011,Landkreis Biberach,41.0,42.1,39.900000000000006,18.8,23.900000000000002,20.1,10.8,Baden-Württemberg,BW
8435,201108435,2011,Bodenseekreis,43.1,44.2,41.900000000000006,22.6,27.200000000000003,25.400000000000002,13.700000000000001,Baden-Württemberg,BW
8436,201108436,2011,Landkreis Ravensburg,41.5,42.7,40.300000000000004,20.1,21.700000000000003,22.5,13.200000000000001,Baden-Württemberg,BW
8437,201108437,2011,Landkreis Sigmaringen,41.800000000000004,43.1,40.400000000000006,19.900000000000002,22.200000000000003,22.5,12.200000000000001,Baden-Württemberg,BW
9161,201109161,2011,Ingolstadt,41.7,43.0,40.300000000000004,39.0,50.2,40.0,27.8,Bayern,BY
9162,201109162,2011,München,41.5,42.7,40.300000000000004,34.300000000000004,47.1,36.300000000000004,20.400000000000002,Bayern,BY
9163,201109163,2011,Rosenheim,42.2,43.900000000000006,40.300000000000004,29.6,37.6,32.1,18.400000000000002,Bayern,BY
9171,201109171,2011,Landkreis Altötting,43.300000000000004,44.800000000000004,41.7,19.900000000000002,25.5,21.400000000000002,12.8,Bayern,BY
9172,201109172,2011,Landkreis Berchtesgadener Land,44.1,45.900000000000006,42.2,23.400000000000002,25.0,26.6,16.5,Bayern,BY
9173,201109173,2011,Landkreis Bad Tölz-Wolfratshausen,42.900000000000006,44.2,41.5,20.1,22.900000000000002,22.200000000000003,13.700000000000001,Bayern,BY
9174,201109174,2011,Landkreis Dachau,41.300000000000004,42.300000000000004,40.300000000000004,19.900000000000002,26.6,20.6,12.0,Bayern,BY
9175,201109175,2011,Landkreis Ebersberg,41.5,42.5,40.400000000000006,16.3,20.1,18.0,8.6,Bayern,BY
9176,201109176,2011,Landkreis Eichstätt,40.6,41.5,39.7,15.200000000000001,19.900000000000002,16.2,7.9,Bayern,BY
9177,201109177,2011,Landkreis Erding,40.300000000000004,41.1,39.5,13.100000000000001,16.7,13.9,6.800000000000001,Bayern,BY
9178,201109178,2011,Landkreis Freising,39.800000000000004,40.6,38.900000000000006,19.0,24.200000000000003,20.5,9.1,Bayern,BY
9179,201109179,2011,Landkreis Fürstenfeldbruck,42.900000000000006,44.1,41.7,18.900000000000002,24.5,20.700000000000003,11.0,Bayern,BY
9180,201109180,2011,Landkreis Garmisch-Partenkirchen,45.0,46.6,43.2,14.5,21.900000000000002,15.9,7.9,Bayern,BY
9181,201109181,2011,Landkreis Landsberg am Lech,41.5,42.6,40.300000000000004,12.700000000000001,14.600000000000001,13.600000000000001,8.9,Bayern,BY
9182,201109182,2011,Landkreis Miesbach,43.7,45.1,42.2,13.0,14.4,15.200000000000001,7.800000000000001,Bayern,BY
9183,201109183,2011,Landkreis Mühldorf am Inn,42.5,43.800000000000004,41.1,19.6,22.900000000000002,20.200000000000003,15.700000000000001,Bayern,BY
9184,201109184,2011,Landkreis München (Land),42.400000000000006,43.6,41.1,22.700000000000003,30.0,25.1,12.100000000000001,Bayern,BY
9185,201109185,2011,Landkreis Neuburg-Schrobenhausen,41.5,42.7,40.300000000000004,14.5,17.6,16.0,8.1,Bayern,BY
9186,201109186,2011,Landkreis Pfaffenhofen an der Ilm,41.300000000000004,42.300000000000004,40.300000000000004,14.600000000000001,17.6,15.9,8.3,Bayern,BY
9187,201109187,2011,Landkreis Rosenheim (Land),42.400000000000006,43.7,41.0,13.8,15.5,15.700000000000001,8.5,Bayern,BY
9188,201109188,2011,Landkreis Starnberg,43.7,44.900000000000006,42.5,17.0,21.1,19.900000000000002,8.8,Bayern,BY
9189,201109189,2011,Landkreis Traunstein,43.6,44.900000000000006,42.2,17.0,21.400000000000002,18.400000000000002,11.200000000000001,Bayern,BY
9190,201109190,2011,Landkreis Weilheim-Schongau,42.6,43.800000000000004,41.400000000000006,13.0,17.400000000000002,14.100000000000001,7.0,Bayern,BY
9261,201109261,2011,Landshut,43.6,45.300000000000004,41.7,28.200000000000003,39.300000000000004,31.0,15.8,Bayern,BY
9262,201109262,2011,Passau,43.6,45.0,41.900000000000006,18.6,26.5,20.3,10.700000000000001,Bayern,BY
9263,201109263,2011,Straubing,44.300000000000004,46.1,42.400000000000006,23.200000000000003,35.0,26.3,10.3,Bayern,BY
9271,201109271,2011,Landkreis Deggendorf,42.5,43.800000000000004,41.1,14.200000000000001,20.400000000000002,15.100000000000001,7.0,Bayern,BY
9272,201109272,2011,Landkreis Freyung-Grafenau,43.1,44.5,41.7,6.1000000000000005,8.700000000000001,6.1000000000000005,4.0,Bayern,BY
9273,201109273,2011,Landkreis Kehlheim,41.400000000000006,42.6,40.2,15.600000000000001,23.0,15.8,8.0,Bayern,BY
9274,201109274,2011,Landkreis Landshut (Land),41.400000000000006,42.400000000000006,40.300000000000004,13.100000000000001,15.8,14.100000000000001,7.9,Bayern,BY
9275,201109275,2011,Landkreis Passau (Land),43.1,44.400000000000006,41.7,11.100000000000001,14.0,12.200000000000001,6.4,Bayern,BY
9276,201109276,2011,Landkreis Regen,43.5,45.1,41.900000000000006,6.6000000000000005,9.9,6.800000000000001,3.9000000000000004,Bayern,BY
9277,201109277,2011,Landkreis Rottal-Inn,43.0,44.300000000000004,41.5,11.3,15.5,12.200000000000001,6.1000000000000005,Bayern,BY
9278,201109278,2011,Landkreis Straubing-Bogen,41.800000000000004,43.0,40.6,8.4,9.5,9.9,3.9000000000000004,Bayern,BY
9279,201109279,2011,Landkreis Dingolfing-Landau,42.1,43.300000000000004,40.900000000000006,17.7,23.400000000000002,19.3,9.200000000000001,Bayern,BY
9361,201109361,2011,Amberg,44.1,45.800000000000004,42.2,24.5,33.9,27.6,12.8,Bayern,BY
9362,201109362,2011,Regensburg,41.300000000000004,42.6,39.900000000000006,25.900000000000002,39.6,26.5,15.0,Bayern,BY
9363,201109363,2011,Weiden in der Oberpfalz,44.1,45.900000000000006,42.2,20.3,31.3,21.400000000000002,11.200000000000001,Bayern,BY
9371,201109371,2011,Landkreis Amberg-Sulzbach,42.800000000000004,44.0,41.5,10.200000000000001,13.4,11.100000000000001,5.5,Bayern,BY
9372,201109372,2011,Landkreis Cham,42.800000000000004,44.0,41.6,6.6000000000000005,8.700000000000001,7.4,3.2,Bayern,BY
9373,201109373,2011,Landkreis Neumarkt in der Oberpfalz,41.6,42.7,40.400000000000006,10.700000000000001,14.3,11.200000000000001,6.300000000000001,Bayern,BY
9374,201109374,2011,Landkreis Neustadt an der Waldnaab,42.400000000000006,43.6,41.2,8.0,11.600000000000001,8.1,4.6000000000000005,Bayern,BY
9375,201109375,2011,Landkreis Regensburg (Land),41.800000000000004,42.800000000000004,40.800000000000004,13.600000000000001,15.700000000000001,14.8,8.6,Bayern,BY
9376,201109376,2011,Landkreis Schwandorf,42.800000000000004,44.2,41.400000000000006,10.5,15.4,11.600000000000001,4.3,Bayern,BY
9377,201109377,2011,Landkreis Tirschenreuth,43.800000000000004,45.300000000000004,42.2,6.5,9.9,6.4,4.1000000000000005,Bayern,BY
9461,201109461,2011,Bamberg,42.7,44.1,41.2,20.1,30.1,22.1,9.5,Bayern,BY
9462,201109462,2011,Bayreuth,43.0,44.5,41.2,24.0,35.4,25.400000000000002,14.200000000000001,Bayern,BY
9463,201109463,2011,Coburg,44.6,46.6,42.5,21.700000000000003,33.800000000000004,23.1,12.0,Bayern,BY
9464,201109464,2011,Hof,45.300000000000004,47.0,43.400000000000006,23.8,35.9,26.3,12.8,Bayern,BY
9471,201109471,2011,Landkreis Bamberg (Land),41.5,42.5,40.400000000000006,8.1,11.100000000000001,8.6,4.2,Bayern,BY
9472,201109472,2011,Landkreis Bayreuth (Land),43.400000000000006,44.6,42.1,7.9,9.8,9.1,3.9000000000000004,Bayern,BY
9473,201109473,2011,Landkreis Coburg (Land),44.1,45.400000000000006,42.7,10.0,12.5,11.0,6.300000000000001,Bayern,BY
9474,201109474,2011,Landkreis Forchheim,42.300000000000004,43.400000000000006,41.2,9.8,11.700000000000001,10.700000000000001,6.300000000000001,Bayern,BY
9475,201109475,2011,Landkreis Hof (Land),45.7,47.2,44.1,8.1,10.200000000000001,9.0,5.300000000000001,Bayern,BY
9476,201109476,2011,Landkreis Kronach,44.900000000000006,46.400000000000006,43.400000000000006,8.1,13.600000000000001,8.6,3.7,Bayern,BY
9477,201109477,2011,Landkreis Kulmbach,44.6,46.300000000000004,42.900000000000006,8.9,12.9,10.0,4.1000000000000005,Bayern,BY
9478,201109478,2011,Landkreis Lichtenfels,43.900000000000006,45.300000000000004,42.400000000000006,10.0,16.900000000000002,10.3,4.4,Bayern,BY
9479,201109479,2011,Landkreis Wunsiedel im Fichtelgebirge,46.400000000000006,48.1,44.6,13.9,19.8,16.1,7.5,Bayern,BY
9561,201109561,2011,Ansbach,43.800000000000004,45.400000000000006,42.0,25.3,38.2,27.3,12.700000000000001,Bayern,BY
9562,201109562,2011,Erlangen,41.2,42.5,39.800000000000004,28.700000000000003,38.400000000000006,30.400000000000002,16.900000000000002,Bayern,BY
9563,201109563,2011,Fürth,42.300000000000004,43.5,41.0,31.0,43.0,32.5,18.1,Bayern,BY
9564,201109564,2011,Nürnberg,43.1,44.6,41.400000000000006,36.4,48.800000000000004,39.900000000000006,21.0,Bayern,BY
9565,201109565,2011,Schwabach,43.400000000000006,44.900000000000006,41.800000000000004,24.6,35.1,26.400000000000002,13.4,Bayern,BY
9571,201109571,2011,Landkreis Ansbach (Land),42.1,43.400000000000006,40.800000000000004,12.700000000000001,16.1,13.9,7.1000000000000005,Bayern,BY
9572,201109572,2011,Landkreis Erlangen-Höchstadt,42.2,43.2,41.300000000000004,13.8,17.900000000000002,14.8,8.1,Bayern,BY
9573,201109573,2011,Landkreis Fürth (Land),43.7,44.900000000000006,42.5,16.900000000000002,23.3,18.400000000000002,9.4,Bayern,BY
9574,201109574,2011,Landkreis Nürnberger Land,43.900000000000006,45.2,42.6,13.600000000000001,18.1,14.4,9.0,Bayern,BY
9575,201109575,2011,Landkreis Neustadt an der Aisch-Bad Windsheim,42.7,44.0,41.400000000000006,12.4,14.600000000000001,13.9,7.300000000000001,Bayern,BY
9576,201109576,2011,Landkreis Roth,42.5,43.6,41.400000000000006,10.5,14.0,11.700000000000001,5.0,Bayern,BY
9577,201109577,2011,Landkreis Weißenburg-Gunzenhausen,43.2,44.7,41.6,13.0,16.8,14.600000000000001,6.800000000000001,Bayern,BY
9661,201109661,2011,Aschaffenburg,43.0,44.5,41.400000000000006,33.4,45.5,36.1,19.1,Bayern,BY
9662,201109662,2011,Schweinfurt,44.6,46.6,42.5,35.7,47.2,40.800000000000004,19.6,Bayern,BY
9663,201109663,2011,Würzburg,42.1,43.300000000000004,40.7,24.400000000000002,38.900000000000006,24.900000000000002,15.200000000000001,Bayern,BY
9671,201109671,2011,Landkreis Aschaffenburg (Land),42.900000000000006,43.900000000000006,41.900000000000006,14.4,18.8,16.0,7.4,Bayern,BY
9672,201109672,2011,Landkreis Bad Kissingen,44.6,46.1,43.0,12.8,18.900000000000002,14.0,6.5,Bayern,BY
9673,201109673,2011,Landkreis Rhön-Grabfeld,43.1,44.300000000000004,41.900000000000006,10.700000000000001,14.8,12.0,4.5,Bayern,BY
9674,201109674,2011,Landkreis Haßberge,42.6,43.900000000000006,41.300000000000004,8.6,13.3,9.0,3.9000000000000004,Bayern,BY
9675,201109675,2011,Landkreis Kitzingen,42.7,43.7,41.6,11.9,17.7,12.3,6.0,Bayern,BY
9676,201109676,2011,Landkreis Miltenberg,42.5,43.6,41.300000000000004,19.1,25.900000000000002,20.8,9.8,Bayern,BY
9677,201109677,2011,Landkreis Main-Spessart,43.6,44.900000000000006,42.300000000000004,10.8,16.1,11.8,5.0,Bayern,BY
9678,201109678,2011,Landkreis Schweinfurt (Land),43.1,44.300000000000004,42.0,11.4,15.100000000000001,13.200000000000001,4.7,Bayern,BY
9679,201109679,2011,Landkreis Würzburg (Land),42.6,43.5,41.6,10.0,14.600000000000001,10.5,5.0,Bayern,BY
9761,201109761,2011,Augsburg,42.6,43.900000000000006,41.1,36.800000000000004,51.7,38.2,23.6,Bayern,BY
9762,201109762,2011,Kaufbeuren,44.1,45.800000000000004,42.2,28.700000000000003,40.0,32.800000000000004,13.3,Bayern,BY
9763,201109763,2011,Kempten (Allgäu),43.6,45.2,41.800000000000004,30.200000000000003,42.2,34.0,15.200000000000001,Bayern,BY
9764,201109764,2011,Memmingen,43.300000000000004,45.0,41.400000000000006,31.1,44.5,34.5,14.700000000000001,Bayern,BY
9771,201109771,2011,Landkreis Aichach-Friedberg,41.7,42.7,40.7,11.9,14.8,12.700000000000001,7.4,Bayern,BY
9772,201109772,2011,Landkreis Augsburg Land,42.300000000000004,43.5,41.1,17.0,21.700000000000003,18.3,10.4,Bayern,BY
9773,201109773,2011,Landkreis Dillingen an der Donau,41.7,43.0,40.400000000000006,15.9,20.700000000000003,17.3,8.4,Bayern,BY
9774,201109774,2011,Landkreis Günzburg,41.6,42.800000000000004,40.400000000000006,18.5,24.6,20.1,9.200000000000001,Bayern,BY
9775,201109775,2011,Landkreis Neu-Ulm,42.1,43.2,40.900000000000006,23.6,30.400000000000002,26.3,12.0,Bayern,BY
9776,201109776,2011,Landkreis Lindau (Bodensee),43.400000000000006,44.7,42.0,17.3,19.8,19.200000000000003,12.0,Bayern,BY
9777,201109777,2011,Landkreis Ostallgäu,42.400000000000006,43.400000000000006,41.300000000000004,11.5,14.8,12.5,6.6000000000000005,Bayern,BY
9778,201109778,2011,Landkreis Unterallgäu,42.400000000000006,43.7,41.0,11.0,14.8,11.5,6.7,Bayern,BY
9779,201109779,2011,Landkreis Donau-Ries,41.900000000000006,43.1,40.7,12.4,16.3,13.600000000000001,6.1000000000000005,Bayern,BY
9780,201109780,2011,Landkreis Oberallgäu,43.300000000000004,44.6,42.0,12.100000000000001,16.5,13.100000000000001,7.0,Bayern,BY
10041,201110041,2011,Regionalverband Saarbrücken,44.5,46.0,42.900000000000006,20.0,27.900000000000002,22.6,10.200000000000001,Saarland,SL
10041100,201110041100,2011,Landeshauptstadt Saarbrücken,43.6,45.1,42.0,24.700000000000003,33.0,27.700000000000003,13.200000000000001,Saarland,SL
10042,201110042,2011,Landkreis Merzig-Wadern,44.0,45.400000000000006,42.6,15.0,22.200000000000003,16.6,6.800000000000001,Saarland,SL
10043,201110043,2011,Landkreis Neunkirchen,45.400000000000006,46.900000000000006,43.800000000000004,13.4,22.8,15.200000000000001,4.7,Saarland,SL
10044,201110044,2011,Landkreis Saarlouis,44.900000000000006,46.300000000000004,43.5,16.8,24.700000000000003,18.1,9.4,Saarland,SL
10045,201110045,2011,Saarpfalz-Kreis,45.5,46.800000000000004,44.0,15.100000000000001,20.3,16.8,9.200000000000001,Saarland,SL
10046,201110046,2011,Landkreis St. Wendel,45.1,46.300000000000004,43.800000000000004,10.100000000000001,15.5,11.0,4.9,Saarland,SL
11001001,201111001001,2011,Berlin-Mitte,,,,,,,,Berlin,BE
11002002,201111002002,2011,Berlin-Friedrichshain-Kreuzberg,,,,,,,,Berlin,BE
11003003,201111003003,2011,Berlin-Pankow,,,,,,,,Berlin,BE
11004004,201111004004,2011,Berlin-Charlottenburg-Wilmersdorf,,,,,,,,Berlin,BE
11005005,201111005005,2011,Berlin-Spandau,,,,,,,,Berlin,BE
11006006,201111006006,2011,Berlin-Steglitz-Zehlendorf,,,,,,,,Berlin,BE
11007007,201111007007,2011,Berlin-Tempelhof-Schöneberg,,,,,,,,Berlin,BE
11008008,201111008008,2011,Berlin-Neukölln,,,,,,,,Berlin,BE
11009009,201111009009,2011,Berlin-Treptow-Köpenick,,,,,,,,Berlin,BE
11010010,201111010010,2011,Berlin-Marzahn-Hellersdorf,,,,,,,,Berlin,BE
11011011,201111011011,2011,Berlin-Lichtenberg,,,,,,,,Berlin,BE
11012012,201111012012,2011,Berlin-Reinickendorf,,,,,,,,Berlin,BE
12051,201112051,2011,Brandenburg an der Havel,46.6,48.400000000000006,44.800000000000004,4.4,7.800000000000001,4.9,2.2,Brandenburg,BB
12052,201112052,2011,Cottbus,45.0,47.0,42.900000000000006,6.4,12.600000000000001,6.7,2.9000000000000004,Brandenburg,BB
12053,201112053,2011,Frankfurt (Oder),45.400000000000006,47.0,43.7,7.300000000000001,9.600000000000001,7.7,5.4,Brandenburg,BB
12054,201112054,2011,Potsdam,41.900000000000006,43.300000000000004,40.5,7.800000000000001,13.9,7.9,3.5,Brandenburg,BB
12060,201112060,2011,Landkreis Barnim,45.1,46.400000000000006,43.800000000000004,4.5,8.1,4.800000000000001,2.0,Brandenburg,BB
12061,201112061,2011,Landkreis Dahme-Spreewald,45.5,46.7,44.2,4.9,8.4,5.5,1.9000000000000001,Brandenburg,BB
12062,201112062,2011,Landkreis Elbe-Elster,47.1,49.0,45.1,2.3000000000000003,4.5,2.4000000000000004,1.2000000000000002,Brandenburg,BB
12063,201112063,2011,Landkreis Havelland,44.300000000000004,45.7,42.800000000000004,4.9,8.0,5.1000000000000005,2.3000000000000003,Brandenburg,BB
12064,201112064,2011,Landkreis Märkisch-Oderland,45.400000000000006,46.800000000000004,44.1,4.0,6.800000000000001,3.9000000000000004,2.6,Brandenburg,BB
12065,201112065,2011,Landkreis Oberhavel,44.5,45.6,43.300000000000004,5.2,8.5,5.5,2.7,Brandenburg,BB
12066,201112066,2011,Landkreis Oberspreewald-Lausitz,47.400000000000006,49.400000000000006,45.300000000000004,3.1,4.9,3.4000000000000004,2.0,Brandenburg,BB
12067,201112067,2011,Landkreis Oder-Spree,46.300000000000004,47.800000000000004,44.800000000000004,4.0,7.5,4.0,2.4000000000000004,Brandenburg,BB
12068,201112068,2011,Landkreis Ostprignitz-Ruppin,45.900000000000006,47.5,44.300000000000004,3.1,6.2,3.0,1.7000000000000002,Brandenburg,BB
12069,201112069,2011,Landkreis Potsdam-Mittelmark,44.300000000000004,45.5,43.1,4.6000000000000005,9.1,4.5,1.8,Brandenburg,BB
12070,201112070,2011,Landkreis Prignitz,47.6,49.6,45.400000000000006,2.7,3.1,3.0,2.0,Brandenburg,BB
12071,201112071,2011,Landkreis Spree-Neiße,47.1,48.900000000000006,45.300000000000004,3.7,7.0,3.5,2.7,Brandenburg,BB
12072,201112072,2011,Landkreis Teltow-Fläming,44.5,46.0,43.0,4.9,8.200000000000001,5.1000000000000005,2.4000000000000004,Brandenburg,BB
12073,201112073,2011,Landkreis Uckermark,46.7,48.300000000000004,45.0,3.8000000000000003,5.9,4.2,2.2,Brandenburg,BB
13001,201113001,2011,Greifswald,41.1,42.400000000000006,39.7,5.800000000000001,8.6,6.6000000000000005,,Mecklenburg-Vorpommern,MV
13002,201113002,2011,Neubrandenburg,44.7,46.300000000000004,43.0,3.9000000000000004,8.200000000000001,3.3000000000000003,2.9000000000000004,Mecklenburg-Vorpommern,MV
13003,201113003,2011,Rostock,43.900000000000006,45.6,42.2,6.4,12.0,6.9,2.7,Mecklenburg-Vorpommern,MV
13004,201113004,2011,Schwerin,45.5,47.400000000000006,43.300000000000004,7.6000000000000005,14.700000000000001,7.5,4.0,Mecklenburg-Vorpommern,MV
13005,201113005,2011,Stralsund,45.5,47.300000000000004,43.5,3.6,8.0,3.8000000000000003,,Mecklenburg-Vorpommern,MV
13006,201113006,2011,Wismar,45.6,47.7,43.400000000000006,6.300000000000001,12.3,6.7,,Mecklenburg-Vorpommern,MV
13051,201113051,2011,Landkreis Bad Doberan,44.6,45.800000000000004,43.400000000000006,2.8000000000000003,3.8000000000000003,3.1,1.7000000000000002,Mecklenburg-Vorpommern,MV
13052,201113052,2011,Landkreis Demmin,46.1,48.1,44.1,2.0,,2.1,,Mecklenburg-Vorpommern,MV
13053,201113053,2011,Landkreis Güstrow,45.400000000000006,47.2,43.7,2.4000000000000004,2.9000000000000004,2.3000000000000003,2.4000000000000004,Mecklenburg-Vorpommern,MV
13054,201113054,2011,Landkreis Ludwigslust,44.400000000000006,46.1,42.7,3.3000000000000003,4.4,3.0,3.1,Mecklenburg-Vorpommern,MV
13055,201113055,2011,Landkreis Mecklenburg-Strelitz,46.1,47.6,44.5,2.0,,2.3000000000000003,,Mecklenburg-Vorpommern,MV
13056,201113056,2011,Landkreis Müritz,45.5,47.2,43.800000000000004,3.7,5.4,3.9000000000000004,,Mecklenburg-Vorpommern,MV
13057,201113057,2011,Landkreis Nordvorpommern,46.1,47.6,44.5,2.3000000000000003,3.2,2.2,1.9000000000000001,Mecklenburg-Vorpommern,MV
13058,201113058,2011,Landkreis Nordwestmecklenburg,43.800000000000004,45.2,42.5,2.9000000000000004,4.2,2.9000000000000004,1.9000000000000001,Mecklenburg-Vorpommern,MV
13059,201113059,2011,Landkreis Ostvorpommern,46.1,47.6,44.6,3.1,5.9,3.2,1.3,Mecklenburg-Vorpommern,MV
13060,201113060,2011,Landkreis Parchim,46.0,47.800000000000004,44.2,3.2,5.1000000000000005,3.3000000000000003,1.8,Mecklenburg-Vorpommern,MV
13061,201113061,2011,Landkreis Rügen,46.400000000000006,48.0,44.7,2.5,3.8000000000000003,3.0,,Mecklenburg-Vorpommern,MV
13062,201113062,2011,Landkreis Uecker-Randow,46.6,48.5,44.6,4.0,7.7,4.2,,Mecklenburg-Vorpommern,MV
13071,201113071,2011,Landkreis Mecklenburgische Seenplatte,,,,,,,,Mecklenburg-Vorpommern,MV
13072,201113072,2011,Landkreis Rostock,,,,,,,,Mecklenburg-Vorpommern,MV
13073,201113073,2011,Landkreis Vorpommern-Rügen,,,,,,,,Mecklenburg-Vorpommern,MV
13074,201113074,2011,Landkreis Nordwestmecklenburg,,,,,,,,Mecklenburg-Vorpommern,MV
13075,201113075,2011,Landkreis Vorpommern-Greifswald,,,,,,,,Mecklenburg-Vorpommern,MV
13076,201113076,2011,Landkreis Ludwigslust-Parchim,,,,,,,,Mecklenburg-Vorpommern,MV
14511,201114511,2011,Chemnitz,46.7,48.800000000000004,44.5,6.5,12.5,7.5,2.4000000000000004,Sachsen,SN
14521,201114521,2011,Erzgebirgskreis,46.800000000000004,48.800000000000004,44.800000000000004,1.8,3.5,1.9000000000000001,0.9,Sachsen,SN
14522,201114522,2011,Landkreis Mittelsachsen,46.7,48.7,44.6,2.6,5.2,2.8000000000000003,1.2000000000000002,Sachsen,SN
14523,201114523,2011,Vogtlandkreis,47.6,49.7,45.300000000000004,3.5,7.5,3.7,1.3,Sachsen,SN
14524,201114524,2011,Kreis Zwickau,47.300000000000004,49.300000000000004,45.1,3.1,6.0,3.3000000000000003,1.4000000000000001,Sachsen,SN
14612,201114612,2011,Dresden,42.6,44.300000000000004,40.900000000000006,7.300000000000001,13.700000000000001,8.0,2.4000000000000004,Sachsen,SN
14625,201114625,2011,Landkreis Bautzen,46.300000000000004,48.300000000000004,44.400000000000006,3.2,5.6000000000000005,3.3000000000000003,1.9000000000000001,Sachsen,SN
14626,201114626,2011,Landkreis Görlitz,47.5,49.5,45.300000000000004,4.5,8.3,4.7,2.5,Sachsen,SN
14627,201114627,2011,Landkreis Meissen,46.400000000000006,48.400000000000006,44.300000000000004,3.3000000000000003,5.6000000000000005,3.6,1.9000000000000001,Sachsen,SN
14628,201114628,2011,Landkreis Sächsische Schweiz-Osterzgebirge,46.300000000000004,48.1,44.5,2.9000000000000004,4.7,3.4000000000000004,1.2000000000000002,Sachsen,SN
14713,201114713,2011,Leipzig,43.5,45.300000000000004,41.6,8.1,13.600000000000001,8.9,3.6,Sachsen,SN
14729,201114729,2011,Landkreis Leipzig,46.2,47.900000000000006,44.400000000000006,2.8000000000000003,4.3,3.0,1.6,Sachsen,SN
14730,201114730,2011,Landkreis Nordsachsen,46.0,47.900000000000006,44.1,2.7,3.5,2.9000000000000004,1.8,Sachsen,SN
15001,201115001,2011,Dessau-Rosslau,48.1,49.900000000000006,46.2,4.5,9.600000000000001,5.2,1.6,Sachsen-Anhalt,ST
15002,201115002,2011,Halle (Saale),44.300000000000004,45.800000000000004,42.6,6.9,13.5,7.800000000000001,2.1,Sachsen-Anhalt,ST
15003,201115003,2011,Magdeburg,44.7,46.7,42.5,7.2,13.9,7.7,3.1,Sachsen-Anhalt,ST
15081,201115081,2011,Altmarkkreis Salzwedel,45.1,47.0,43.2,3.6,5.5,3.5,2.6,Sachsen-Anhalt,ST
15082,201115082,2011,Landkreis Anhalt-Bitterfeld,47.0,49.0,44.900000000000006,3.5,6.1000000000000005,3.7,2.0,Sachsen-Anhalt,ST
15083,201115083,2011,Landkreis Börde,45.1,46.7,43.400000000000006,2.8000000000000003,5.2,2.7,1.7000000000000002,Sachsen-Anhalt,ST
15084,201115084,2011,Burgenlandkreis,47.400000000000006,49.5,45.2,3.0,4.0,3.5,1.8,Sachsen-Anhalt,ST
15085,201115085,2011,Landkreis Harz,47.0,49.0,44.900000000000006,2.7,4.800000000000001,3.0,1.4000000000000001,Sachsen-Anhalt,ST
15086,201115086,2011,Landkreis Jerichower Land,46.2,48.0,44.400000000000006,2.4000000000000004,5.5,2.3000000000000003,1.2000000000000002,Sachsen-Anhalt,ST
15087,201115087,2011,Landkreis Mansfeld-Südharz,47.800000000000004,49.6,45.900000000000006,2.4000000000000004,5.1000000000000005,2.1,1.8,Sachsen-Anhalt,ST
15088,201115088,2011,Saalekreis,45.900000000000006,47.6,44.1,2.9000000000000004,6.0,2.9000000000000004,1.5,Sachsen-Anhalt,ST
15089,201115089,2011,Salzlandkreis,47.1,49.0,45.0,3.0,5.9,3.4000000000000004,1.2000000000000002,Sachsen-Anhalt,ST
15090,201115090,2011,Landkreis Stendal,45.6,47.2,44.0,2.4000000000000004,3.6,2.3000000000000003,1.9000000000000001,Sachsen-Anhalt,ST
15091,201115091,2011,Landkreis Wittenberg,47.400000000000006,49.5,45.2,2.4000000000000004,4.6000000000000005,2.6,1.2000000000000002,Sachsen-Anhalt,ST
16051,201116051,2011,Erfurt,43.5,44.900000000000006,42.0,6.4,12.9,6.6000000000000005,2.2,Thüringen,TH
16052,201116052,2011,Gera,47.5,49.5,45.300000000000004,5.4,8.8,5.800000000000001,3.5,Thüringen,TH
16053,201116053,2011,Jena,41.7,43.2,40.2,6.6000000000000005,9.0,7.800000000000001,2.7,Thüringen,TH
16054,201116054,2011,Suhl,48.6,50.400000000000006,46.6,4.4,8.9,4.800000000000001,2.2,Thüringen,TH
16055,201116055,2011,Weimar,43.0,44.900000000000006,40.900000000000006,7.9,10.100000000000001,9.700000000000001,2.7,Thüringen,TH
16056,201116056,2011,Eisenach,45.900000000000006,47.800000000000004,43.800000000000004,5.300000000000001,10.600000000000001,6.1000000000000005,,Thüringen,TH
16061,201116061,2011,Landkreis Eichsfeld,43.7,45.1,42.2,3.2,6.300000000000001,3.2,1.4000000000000001,Thüringen,TH
16062,201116062,2011,Landkreis Nordhausen,45.900000000000006,47.6,44.1,2.9000000000000004,3.4000000000000004,3.5,1.7000000000000002,Thüringen,TH
16063,201116063,2011,Landkreis Wartburgkreis,45.6,47.300000000000004,43.900000000000006,2.8000000000000003,4.7,2.9000000000000004,1.7000000000000002,Thüringen,TH
16064,201116064,2011,Landkreis Unstrut-Hainich-Kreis,45.1,46.800000000000004,43.300000000000004,2.3000000000000003,4.3,2.1,1.8,Thüringen,TH
16065,201116065,2011,Landkreis Kyffhäuserkreis,46.6,48.6,44.6,2.3000000000000003,4.7,2.2,1.3,Thüringen,TH
16066,201116066,2011,Landkreis Schmalkalden-Meiningen,46.2,48.0,44.300000000000004,2.0,3.3000000000000003,2.2,1.0,Thüringen,TH
16067,201116067,2011,Landkreis Gotha,45.6,47.300000000000004,43.800000000000004,3.6,7.2,3.8000000000000003,1.2000000000000002,Thüringen,TH
16068,201116068,2011,Landkreis Sömmerda,45.2,46.800000000000004,43.5,2.5,3.3000000000000003,2.7,1.5,Thüringen,TH
16069,201116069,2011,Landkreis Hildburghausen,45.400000000000006,47.400000000000006,43.5,2.2,5.0,2.2,,Thüringen,TH
16070,201116070,2011,Landkreis Ilm-Kreis,45.6,47.7,43.5,4.6000000000000005,7.7,5.300000000000001,1.9000000000000001,Thüringen,TH
16071,201116071,2011,Landkreis Weimarer Land,44.7,46.1,43.300000000000004,1.9000000000000001,2.8000000000000003,2.2,,Thüringen,TH
16072,201116072,2011,Landkreis Sonneberg,47.1,49.2,45.0,2.9000000000000004,5.4,3.0,1.5,Thüringen,TH
16073,201116073,2011,Landkreis Saalfeld-Rudolstadt,47.6,49.800000000000004,45.300000000000004,2.6,5.0,2.9000000000000004,1.3,Thüringen,TH
16074,201116074,2011,Landkreis Saale-Holzland-Kreis,45.800000000000004,47.400000000000006,44.1,2.3000000000000003,,2.3000000000000003,,Thüringen,TH
16075,201116075,2011,Landkreis Saale-Orla-Kreis,46.300000000000004,48.2,44.400000000000006,2.2,4.2,2.4000000000000004,,Thüringen,TH
16076,201116076,2011,Landkreis Greiz,47.6,49.6,45.5,2.0,2.8000000000000003,2.3000000000000003,1.1,Thüringen,TH
16077,201116077,2011,Landkreis Altenburger Land,48.1,50.1,46.0,1.9000000000000001,2.6,2.1,1.1,Thüringen,TH
