Schluessel,YearSchluessel,Year,Stadt-/Landkreis,Wohnungen je Wohngebäude,Eigentümerquote in %,Leerstandsquote in %,Durchschnittliche Wohnfläche je Einwohner in m²,Durchschnittliche Wohnfläche je Wohnung in m²,LAND_NAME,LAND_ABK
1001,201101001,2011,Flensburg,2.9000000000000004,28.400000000000002,2.8000000000000003,44.300000000000004,79.0,Schleswig-Holstein,SH
1002,201101002,2011,Kiel,3.5,27.400000000000002,2.5,38.900000000000006,72.0,Schleswig-Holstein,SH
1003,201101003,2011,Lübeck,2.6,30.900000000000002,2.9000000000000004,39.300000000000004,74.0,Schleswig-Holstein,SH
1004,201101004,2011,Neumünster,2.1,40.400000000000006,5.300000000000001,42.0,82.0,Schleswig-Holstein,SH
1051,201101051,2011,Kreis Dithmarschen,1.3,62.6,3.2,50.2,103.0,Schleswig-Holstein,SH
1053,201101053,2011,Kreis Herzogtum Lauenburg,1.6,54.5,2.9000000000000004,45.1,99.0,Schleswig-Holstein,SH
1054,201101054,2011,Kreis Nordfriesland,1.4000000000000001,58.2,2.5,52.0,97.0,Schleswig-Holstein,SH
1055,201101055,2011,Kreis Ostholstein,1.7000000000000002,55.400000000000006,2.7,49.2,92.0,Schleswig-Holstein,SH
1056,201101056,2011,Kreis Pinneberg,1.8,52.800000000000004,2.0,43.6,93.0,Schleswig-Holstein,SH
1057,201101057,2011,Kreis Plön,1.5,60.7,2.6,46.900000000000006,99.0,Schleswig-Holstein,SH
1058,201101058,2011,Kreis Rendsburg-Eckernförde,1.5,58.400000000000006,2.7,47.1,102.0,Schleswig-Holstein,SH
1059,201101059,2011,Kreis Schleswig,1.4000000000000001,60.5,2.5,48.6,107.0,Schleswig-Holstein,SH
1060,201101060,2011,Kreis Segeberg,1.7000000000000002,53.5,2.2,44.2,98.0,Schleswig-Holstein,SH
1061,201101061,2011,Kreis Steinburg,1.5,57.0,4.1000000000000005,45.7,99.0,Schleswig-Holstein,SH
1062,201101062,2011,Kreis Stormarn,1.6,58.900000000000006,2.0,44.900000000000006,101.0,Schleswig-Holstein,SH
2000,201102,2011,Hamburg,3.6,24.0,1.5,38.900000000000006,76.0,Hamburg,HH
3101,201103101,2011,Braunschweig,3.2,32.7,3.1,43.800000000000004,82.0,Niedersachsen,NI
3102,201103102,2011,Salzgitter,2.4000000000000004,49.7,10.100000000000001,45.300000000000004,84.0,Niedersachsen,NI
3103,201103103,2011,Wolfsburg,2.4000000000000004,41.900000000000006,3.9000000000000004,45.0,88.0,Niedersachsen,NI
3151,201103151,2011,Landkreis Gifhorn,1.4000000000000001,67.5,2.9000000000000004,49.7,117.0,Niedersachsen,NI
3153,201103153,2011,Landkreis Goslar,2.0,51.0,7.4,50.1,91.0,Niedersachsen,NI
3154,201103154,2011,Landkreis Helmstedt,1.6,59.6,6.800000000000001,50.2,101.0,Niedersachsen,NI
3155,201103155,2011,Landkreis Northeim,1.7000000000000002,58.6,6.5,50.300000000000004,105.0,Niedersachsen,NI
3156,201103156,2011,Landkreis Osterode am Harz,1.7000000000000002,57.2,7.1000000000000005,50.400000000000006,98.0,Niedersachsen,NI
3157,201103157,2011,Landkreis Peine,1.5,64.2,3.8000000000000003,48.900000000000006,108.0,Niedersachsen,NI
3158,201103158,2011,Landkreis Wolfenbüttel,1.7000000000000002,59.400000000000006,4.5,50.0,105.0,Niedersachsen,NI
3159,201103159,2011,Landkreis Göttingen,,,,,,Niedersachsen,NI
3241,201103241,2011,Hannover,2.5,39.7,3.3000000000000003,45.2,89.0,Niedersachsen,NI
3241001,201103241001,2011,Landeshauptstadt Hannover,4.2,25.1,3.0,42.2,77.0,Niedersachsen,NI
3251,201103251,2011,Landkreis Diepholz,1.4000000000000001,65.0,2.7,50.1,116.0,Niedersachsen,NI
3252,201103252,2011,Landkreis Hameln-Pyrmont,1.9000000000000001,54.0,6.2,50.300000000000004,99.0,Niedersachsen,NI
3254,201103254,2011,Landkreis Hildesheim,1.9000000000000001,51.6,4.9,47.6,99.0,Niedersachsen,NI
3255,201103255,2011,Landkreis Holzminden,1.7000000000000002,59.7,7.300000000000001,51.5,104.0,Niedersachsen,NI
3256,201103256,2011,Landkreis Nienburg (Weser),1.5,61.6,4.2,49.2,114.0,Niedersachsen,NI
3257,201103257,2011,Landkreis Schaumburg,1.7000000000000002,58.900000000000006,5.7,50.0,105.0,Niedersachsen,NI
3351,201103351,2011,Landkreis Celle,1.5,60.0,4.2,49.400000000000006,105.0,Niedersachsen,NI
3352,201103352,2011,Landkreis Cuxhaven,1.5,62.400000000000006,3.6,50.1,103.0,Niedersachsen,NI
3353,201103353,2011,Landkreis Harburg,1.5,62.5,2.1,49.300000000000004,108.0,Niedersachsen,NI
3354,201103354,2011,Landkreis Lüchow-Dannenberg,1.4000000000000001,63.7,4.800000000000001,55.1,109.0,Niedersachsen,NI
3355,201103355,2011,Landkreis Lüneburg,1.7000000000000002,51.900000000000006,2.4000000000000004,46.1,99.0,Niedersachsen,NI
3356,201103356,2011,Landkreis Osterholz,1.4000000000000001,69.2,2.6,49.0,113.0,Niedersachsen,NI
3357,201103357,2011,Landkreis Rotenburg (Wümme),1.3,64.2,2.9000000000000004,49.800000000000004,117.0,Niedersachsen,NI
3358,201103358,2011,Landkreis Heidekreis,1.5,58.1,4.0,49.2,107.0,Niedersachsen,NI
3359,201103359,2011,Landkreis Stade,1.5,58.300000000000004,2.7,46.7,104.0,Niedersachsen,NI
3360,201103360,2011,Landkreis Uelzen,1.5,57.900000000000006,4.5,51.400000000000006,107.0,Niedersachsen,NI
3361,201103361,2011,Landkreis Verden,1.5,62.800000000000004,2.7,49.400000000000006,112.0,Niedersachsen,NI
3401,201103401,2011,Delmenhorst,1.8,50.400000000000006,3.7,45.400000000000006,92.0,Niedersachsen,NI
3402,201103402,2011,Emden,1.7000000000000002,51.2,2.9000000000000004,43.7,91.0,Niedersachsen,NI
3403,201103403,2011,Oldenburg,1.9000000000000001,41.0,1.5,46.300000000000004,90.0,Niedersachsen,NI
3404,201103404,2011,Osnabrück,2.6,34.5,3.0,44.5,86.0,Niedersachsen,NI
3405,201103405,2011,Wilhelmshaven,2.6,31.1,5.7,46.1,82.0,Niedersachsen,NI
3451,201103451,2011,Landkreis Ammerland,1.3,64.4,1.9000000000000001,50.1,115.0,Niedersachsen,NI
3452,201103452,2011,Landkreis Aurich,1.3,69.3,2.6,50.800000000000004,105.0,Niedersachsen,NI
3453,201103453,2011,Landkreis Cloppenburg,1.3,67.2,1.6,46.2,129.0,Niedersachsen,NI
3454,201103454,2011,Landkreis Emsland,1.3,69.9,1.6,48.0,125.0,Niedersachsen,NI
3455,201103455,2011,Landkreis Friesland,1.3,63.2,2.7,51.400000000000006,105.0,Niedersachsen,NI
3456,201103456,2011,Landkreis Grafschaft Bentheim,1.3,70.3,1.7000000000000002,47.300000000000004,117.0,Niedersachsen,NI
3457,201103457,2011,Landkreis Leer,1.3,67.4,2.3000000000000003,49.1,111.0,Niedersachsen,NI
3458,201103458,2011,Landkreis Oldenburg (Land),1.3,64.7,2.0,49.300000000000004,118.0,Niedersachsen,NI
3459,201103459,2011,Landkreis Osnabrück (Land),1.6,58.800000000000004,3.0,46.5,113.0,Niedersachsen,NI
3460,201103460,2011,Landkreis Vechta,1.3,64.5,1.3,47.6,128.0,Niedersachsen,NI
3461,201103461,2011,Landkreis Wesermarsch,1.4000000000000001,59.300000000000004,3.7,48.6,102.0,Niedersachsen,NI
3462,201103462,2011,Landkreis Wittmund,1.3,66.9,3.0,50.6,102.0,Niedersachsen,NI
4011,201104011,2011,Bremen,2.4000000000000004,40.7,2.9000000000000004,40.900000000000006,81.0,Bremen,HB
4012,201104012,2011,Bremerhaven,2.9000000000000004,32.1,6.5,43.400000000000006,77.0,Bremen,HB
5111,201105111,2011,Düsseldorf,4.6000000000000005,24.1,2.9000000000000004,41.1,76.0,Nordrhein-Westfalen,NW
5112,201105112,2011,Duisburg,3.2,28.6,5.4,38.2,75.0,Nordrhein-Westfalen,NW
5113,201105113,2011,Essen,3.5,27.3,4.4,40.400000000000006,77.0,Nordrhein-Westfalen,NW
5114,201105114,2011,Krefeld,2.6,38.300000000000004,4.7,43.1,84.0,Nordrhein-Westfalen,NW
5116,201105116,2011,Mönchengladbach,2.4000000000000004,39.2,4.6000000000000005,42.7,86.0,Nordrhein-Westfalen,NW
5117,201105117,2011,Mülheim an der Ruhr,2.9000000000000004,35.1,3.8000000000000003,43.5,84.0,Nordrhein-Westfalen,NW
5119,201105119,2011,Oberhausen,2.8000000000000003,33.800000000000004,3.9000000000000004,39.6,79.0,Nordrhein-Westfalen,NW
5120,201105120,2011,Remscheid,2.8000000000000003,36.9,6.4,42.0,83.0,Nordrhein-Westfalen,NW
5122,201105122,2011,Solingen,2.5,38.5,5.1000000000000005,42.0,84.0,Nordrhein-Westfalen,NW
5124,201105124,2011,Wuppertal,3.5,32.9,5.7,42.400000000000006,79.0,Nordrhein-Westfalen,NW
5154,201105154,2011,Kreis Kleve,1.5,57.7,2.5,45.900000000000006,106.0,Nordrhein-Westfalen,NW
5158,201105158,2011,Kreis Mettmann,2.5,46.2,3.0,43.7,90.0,Nordrhein-Westfalen,NW
5162,201105162,2011,Rhein-Kreis Neuss,2.0,50.7,2.5,44.0,96.0,Nordrhein-Westfalen,NW
5166,201105166,2011,Kreis Viersen,1.6,54.900000000000006,2.8000000000000003,44.6,99.0,Nordrhein-Westfalen,NW
5170,201105170,2011,Kreis Wesel,1.9000000000000001,49.5,2.6,42.5,95.0,Nordrhein-Westfalen,NW
5314,201105314,2011,Bonn,2.8000000000000003,33.7,2.4000000000000004,42.1,84.0,Nordrhein-Westfalen,NW
5315,201105315,2011,Köln,3.9000000000000004,27.400000000000002,2.4000000000000004,39.1,76.0,Nordrhein-Westfalen,NW
5316,201105316,2011,Leverkusen,2.7,35.6,2.7,40.900000000000006,84.0,Nordrhein-Westfalen,NW
5334,201105334,2011,Aachen,2.2,38.800000000000004,3.0,42.0,87.0,Nordrhein-Westfalen,NW
5354,201105354,2011,Kreis Aachen,,,,,,Nordrhein-Westfalen,NW
5358,201105358,2011,Kreis Düren,1.6,56.2,3.4000000000000004,45.6,102.0,Nordrhein-Westfalen,NW
5362,201105362,2011,Rhein-Erft-Kreis,1.8,54.1,2.8000000000000003,44.5,97.0,Nordrhein-Westfalen,NW
5366,201105366,2011,Kreis Euskirchen,1.4000000000000001,62.400000000000006,3.5,48.0,108.0,Nordrhein-Westfalen,NW
5370,201105370,2011,Kreis Heinsberg,1.4000000000000001,59.1,3.2,46.0,107.0,Nordrhein-Westfalen,NW
5374,201105374,2011,Oberbergischer Kreis,1.7000000000000002,57.400000000000006,4.5,45.5,101.0,Nordrhein-Westfalen,NW
5378,201105378,2011,Rheinisch-Bergischer Kreis,1.8,54.1,3.2,46.900000000000006,101.0,Nordrhein-Westfalen,NW
5382,201105382,2011,Rhein-Sieg-Kreis,1.6,56.6,2.7,46.400000000000006,104.0,Nordrhein-Westfalen,NW
5512,201105512,2011,Bottrop,2.4000000000000004,38.0,3.2,39.900000000000006,83.0,Nordrhein-Westfalen,NW
5513,201105513,2011,Gelsenkirchen,3.6,24.1,6.6000000000000005,38.1,74.0,Nordrhein-Westfalen,NW
5515,201105515,2011,Münster,2.7,32.4,1.7000000000000002,42.6,86.0,Nordrhein-Westfalen,NW
5554,201105554,2011,Kreis Borken,1.5,61.7,1.8,43.1,109.0,Nordrhein-Westfalen,NW
5558,201105558,2011,Kreis Coesfeld,1.6,58.6,2.1,44.800000000000004,109.0,Nordrhein-Westfalen,NW
5562,201105562,2011,Kreis Recklinghausen,2.3000000000000003,41.6,3.8000000000000003,42.1,87.0,Nordrhein-Westfalen,NW
5566,201105566,2011,Kreis Steinfurt,1.5,60.300000000000004,2.3000000000000003,44.6,109.0,Nordrhein-Westfalen,NW
5570,201105570,2011,Kreis Warendorf,1.6,56.800000000000004,2.8000000000000003,44.5,105.0,Nordrhein-Westfalen,NW
5711,201105711,2011,Bielefeld,2.6,36.5,3.1,40.400000000000006,84.0,Nordrhein-Westfalen,NW
5754,201105754,2011,Kreis Gütersloh,1.8,53.2,2.8000000000000003,43.800000000000004,103.0,Nordrhein-Westfalen,NW
5758,201105758,2011,Kreis Herford,1.8,54.800000000000004,4.6000000000000005,45.300000000000004,100.0,Nordrhein-Westfalen,NW
5762,201105762,2011,Kreis Höxter,1.6,63.1,4.5,47.400000000000006,110.0,Nordrhein-Westfalen,NW
5766,201105766,2011,Kreis Lippe,1.8,53.800000000000004,4.800000000000001,45.2,98.0,Nordrhein-Westfalen,NW
5770,201105770,2011,Kreis Minden-Lübbecke,1.7000000000000002,56.7,4.2,46.2,106.0,Nordrhein-Westfalen,NW
5774,201105774,2011,Kreis Paderborn,1.9000000000000001,49.900000000000006,2.8000000000000003,44.2,102.0,Nordrhein-Westfalen,NW
5911,201105911,2011,Bochum,3.3000000000000003,30.5,3.7,40.400000000000006,78.0,Nordrhein-Westfalen,NW
5913,201105913,2011,Dortmund,3.3000000000000003,28.0,3.9000000000000004,40.400000000000006,78.0,Nordrhein-Westfalen,NW
5914,201105914,2011,Hagen,3.4000000000000004,29.900000000000002,7.0,41.800000000000004,80.0,Nordrhein-Westfalen,NW
5915,201105915,2011,Hamm,2.2,41.400000000000006,3.9000000000000004,39.900000000000006,87.0,Nordrhein-Westfalen,NW
5916,201105916,2011,Herne,3.4000000000000004,29.900000000000002,5.300000000000001,39.6,76.0,Nordrhein-Westfalen,NW
5954,201105954,2011,Ennepe-Ruhr-Kreis,2.6,38.7,4.7,43.5,87.0,Nordrhein-Westfalen,NW
5958,201105958,2011,Hochsauerlandkreis,1.8,57.2,4.800000000000001,47.2,103.0,Nordrhein-Westfalen,NW
5962,201105962,2011,Märkischer Kreis,2.2,46.300000000000004,5.2,43.0,90.0,Nordrhein-Westfalen,NW
5966,201105966,2011,Kreis Olpe,1.7000000000000002,60.800000000000004,3.4000000000000004,46.1,108.0,Nordrhein-Westfalen,NW
5970,201105970,2011,Kreis Siegen-Wittgenstein,1.8,57.7,3.8000000000000003,46.0,100.0,Nordrhein-Westfalen,NW
5974,201105974,2011,Kreis Soest,1.7000000000000002,54.900000000000006,3.3000000000000003,45.900000000000006,103.0,Nordrhein-Westfalen,NW
5978,201105978,2011,Kreis Unna,2.1,44.300000000000004,3.3000000000000003,42.5,90.0,Nordrhein-Westfalen,NW
6411,201106411,2011,Darmstadt,3.1,33.9,2.5,39.800000000000004,82.0,Hessen,HE
6412,201106412,2011,Frankfurt (Main),4.7,20.700000000000003,2.6,37.4,73.0,Hessen,HE
6413,201106413,2011,Offenbach am Main,4.2,24.0,3.3000000000000003,36.9,75.0,Hessen,HE
6414,201106414,2011,Wiesbaden,3.4000000000000004,29.5,3.2,40.0,84.0,Hessen,HE
6431,201106431,2011,Landkreis Bergstrasse,1.8,57.7,4.0,47.7,105.0,Hessen,HE
6432,201106432,2011,Landkreis Darmstadt-Dieburg,1.7000000000000002,58.400000000000006,3.5,46.6,105.0,Hessen,HE
6433,201106433,2011,Landkreis Groß-Gerau,2.1,49.7,3.2,42.0,94.0,Hessen,HE
6434,201106434,2011,Hochtaunuskreis,2.0,52.1,3.2,48.5,105.0,Hessen,HE
6435,201106435,2011,Main-Kinzig-Kreis,1.9000000000000001,55.900000000000006,4.2,45.7,100.0,Hessen,HE
6436,201106436,2011,Main-Taunus-Kreis,2.1,52.1,2.5,45.900000000000006,99.0,Hessen,HE
6437,201106437,2011,Odenwaldkreis,1.6,64.0,5.4,47.900000000000006,107.0,Hessen,HE
6438,201106438,2011,Landkreis Offenbach,2.3000000000000003,47.6,2.9000000000000004,43.800000000000004,95.0,Hessen,HE
6439,201106439,2011,Rheingau-Taunus-Kreis,1.8,57.2,4.1000000000000005,48.900000000000006,105.0,Hessen,HE
6440,201106440,2011,Wetteraukreis,1.7000000000000002,58.1,3.8000000000000003,47.300000000000004,106.0,Hessen,HE
6531,201106531,2011,Landkreis Gießen,1.9000000000000001,49.6,3.8000000000000003,46.5,100.0,Hessen,HE
6532,201106532,2011,Lahn-Dill Kreis,1.6,62.5,3.8000000000000003,47.5,107.0,Hessen,HE
6533,201106533,2011,Landkreis Limburg-Weilburg,1.5,61.5,4.800000000000001,49.2,110.0,Hessen,HE
6534,201106534,2011,Landkreis Marburg-Biedenkopf,1.8,55.6,3.5,45.800000000000004,104.0,Hessen,HE
6535,201106535,2011,Vogelsbergkreis,1.5,68.2,5.2,51.2,115.0,Hessen,HE
6611,201106611,2011,Kassel,3.1,28.8,3.3000000000000003,39.6,80.0,Hessen,HE
6631,201106631,2011,Landkreis Fulda,1.8,55.800000000000004,4.9,47.2,105.0,Hessen,HE
6632,201106632,2011,Landkreis Hersfeld-Rotenburg,1.5,64.8,5.300000000000001,49.1,107.0,Hessen,HE
6633,201106633,2011,Landkreis Kassel (Land),1.6,62.5,4.3,49.0,105.0,Hessen,HE
6634,201106634,2011,Schwalm-Eder Kreis,1.5,65.9,5.1000000000000005,50.0,110.0,Hessen,HE
6635,201106635,2011,Landkreis Waldeck-Frankenberg,1.6,61.7,4.7,49.800000000000004,108.0,Hessen,HE
6636,201106636,2011,Werra-Meißner Kreis,1.6,62.5,6.6000000000000005,49.6,104.0,Hessen,HE
7111,201107111,2011,Koblenz,2.8000000000000003,33.9,3.9000000000000004,45.2,87.0,Rheinland-Pfalz,RP
7131,201107131,2011,Landkreis Ahrweiler,1.6,58.1,4.800000000000001,51.1,105.0,Rheinland-Pfalz,RP
7132,201107132,2011,Landkreis Altenkirchen (Westerwald),1.4000000000000001,67.3,4.7,49.300000000000004,110.0,Rheinland-Pfalz,RP
7133,201107133,2011,Landkreis Bad Kreuznach,1.6,59.1,4.4,49.7,106.0,Rheinland-Pfalz,RP
7134,201107134,2011,Landkreis Birkenfeld,1.5,60.5,6.2,53.300000000000004,106.0,Rheinland-Pfalz,RP
7135,201107135,2011,Landkreis Cochem-Zell,1.3,70.0,5.800000000000001,54.300000000000004,114.0,Rheinland-Pfalz,RP
7137,201107137,2011,Landkreis Mayen-Koblenz,1.6,58.300000000000004,4.3,49.6,106.0,Rheinland-Pfalz,RP
7138,201107138,2011,Landkreis Neuwied,1.6,58.900000000000006,4.5,49.2,106.0,Rheinland-Pfalz,RP
7140,201107140,2011,Rhein-Hunsrück-Kreis,1.5,64.5,5.1000000000000005,53.0,114.0,Rheinland-Pfalz,RP
7141,201107141,2011,Rhein-Lahn-Kreis,1.6,59.800000000000004,5.5,51.0,106.0,Rheinland-Pfalz,RP
7143,201107143,2011,Westerwaldkreis,1.4000000000000001,68.10000000000001,4.3,51.5,115.0,Rheinland-Pfalz,RP
7211,201107211,2011,Trier,2.7,32.9,3.4000000000000004,42.900000000000006,85.0,Rheinland-Pfalz,RP
7231,201107231,2011,Landkreis Bernkastel-Wittlich,1.4000000000000001,65.7,4.9,53.300000000000004,112.0,Rheinland-Pfalz,RP
7232,201107232,2011,Eifelkreis Bitburg-Prüm,1.4000000000000001,66.4,4.4,54.800000000000004,116.0,Rheinland-Pfalz,RP
7233,201107233,2011,Landkreis Vulkaneifel,1.3,68.60000000000001,4.9,54.900000000000006,112.0,Rheinland-Pfalz,RP
7235,201107235,2011,Landkreis Trier-Saarburg,1.4000000000000001,68.7,3.7,52.7,117.0,Rheinland-Pfalz,RP
7311,201107311,2011,Frankenthal (Pfalz),2.7,48.900000000000006,3.2,44.0,90.0,Rheinland-Pfalz,RP
7312,201107312,2011,Kaiserslautern,2.7,34.6,5.0,46.0,85.0,Rheinland-Pfalz,RP
7313,201107313,2011,Landau in der Pfalz,2.1,49.1,2.7,46.7,97.0,Rheinland-Pfalz,RP
7314,201107314,2011,Ludwigshafen am Rhein,3.0,37.4,4.4,41.2,83.0,Rheinland-Pfalz,RP
7315,201107315,2011,Mainz,3.4000000000000004,34.5,2.2,40.2,80.0,Rheinland-Pfalz,RP
7316,201107316,2011,Neustadt an der Weinstrasse,2.0,49.6,4.1000000000000005,49.6,99.0,Rheinland-Pfalz,RP
7317,201107317,2011,Pirmasens,2.3000000000000003,41.300000000000004,9.8,49.1,88.0,Rheinland-Pfalz,RP
7318,201107318,2011,Speyer,2.5,42.900000000000006,2.1,43.6,91.0,Rheinland-Pfalz,RP
7319,201107319,2011,Worms,2.2,46.300000000000004,3.8000000000000003,45.0,90.0,Rheinland-Pfalz,RP
7320,201107320,2011,Zweibrücken,1.9000000000000001,50.6,6.4,49.2,99.0,Rheinland-Pfalz,RP
7331,201107331,2011,Landkreis Alzey-Worms,1.4000000000000001,66.9,4.0,50.0,114.0,Rheinland-Pfalz,RP
7332,201107332,2011,Landkreis Bad Dürkheim,1.5,64.7,4.3,52.0,111.0,Rheinland-Pfalz,RP
7333,201107333,2011,Donnersbergkreis,1.4000000000000001,67.2,5.2,50.900000000000006,112.0,Rheinland-Pfalz,RP
7334,201107334,2011,Landkreis Germersheim,1.6,64.3,3.0,48.0,110.0,Rheinland-Pfalz,RP
7335,201107335,2011,Landkreis Kaiserslautern (Land),1.5,60.800000000000004,4.7,57.7,118.0,Rheinland-Pfalz,RP
7336,201107336,2011,Landkreis Kusel,1.3,71.5,5.9,55.900000000000006,118.0,Rheinland-Pfalz,RP
7337,201107337,2011,Landkreis Südliche Weinstrasse,1.4000000000000001,66.60000000000001,4.4,52.400000000000006,113.0,Rheinland-Pfalz,RP
7338,201107338,2011,Rhein-Pfalz-Kreis,1.5,66.8,3.1,50.2,110.0,Rheinland-Pfalz,RP
7339,201107339,2011,Landkreis Mainz-Bingen,1.6,60.1,3.5,50.1,107.0,Rheinland-Pfalz,RP
7340,201107340,2011,Landkreis Südwestpfalz,1.4000000000000001,72.2,5.4,54.800000000000004,115.0,Rheinland-Pfalz,RP
8111,201108111,2011,Stuttgart,3.9000000000000004,32.800000000000004,3.7,37.6,78.0,Baden-Württemberg,BW
8115,201108115,2011,Landkreis Böblingen,2.1,56.900000000000006,3.8000000000000003,43.1,96.0,Baden-Württemberg,BW
8116,201108116,2011,Landkreis Esslingen,2.1,54.5,3.8000000000000003,42.5,92.0,Baden-Württemberg,BW
8117,201108117,2011,Landkreis Göppingen,1.9000000000000001,60.0,5.1000000000000005,43.1,96.0,Baden-Württemberg,BW
8118,201108118,2011,Landkreis Ludwigsburg,2.2,56.900000000000006,3.7,42.2,93.0,Baden-Württemberg,BW
8119,201108119,2011,Rems-Murr-Kreis,2.1,56.900000000000006,4.0,42.300000000000004,93.0,Baden-Württemberg,BW
8121,201108121,2011,Heilbronn,2.6,47.2,3.9000000000000004,40.300000000000004,86.0,Baden-Württemberg,BW
8125,201108125,2011,Landkreis Heilbronn (Land),1.7000000000000002,64.10000000000001,4.3,45.400000000000006,103.0,Baden-Württemberg,BW
8126,201108126,2011,Hohenlohekreis,1.7000000000000002,62.900000000000006,4.6000000000000005,45.1,104.0,Baden-Württemberg,BW
8127,201108127,2011,Landkreis Schwäbisch Hall,1.7000000000000002,64.0,4.800000000000001,44.800000000000004,104.0,Baden-Württemberg,BW
8128,201108128,2011,Main-Tauber-Kreis,1.7000000000000002,63.1,5.5,48.7,107.0,Baden-Württemberg,BW
8135,201108135,2011,Landkreis Heidenheim,1.7000000000000002,61.7,5.1000000000000005,44.400000000000006,98.0,Baden-Württemberg,BW
8136,201108136,2011,Ostalbkreis,1.7000000000000002,62.300000000000004,4.800000000000001,44.0,101.0,Baden-Württemberg,BW
8211,201108211,2011,Baden-Baden,2.5,44.5,4.6000000000000005,50.900000000000006,98.0,Baden-Württemberg,BW
8212,201108212,2011,Karlsruhe,3.6,30.400000000000002,2.3000000000000003,41.5,84.0,Baden-Württemberg,BW
8215,201108215,2011,Landkreis Karlsruhe (Land),1.7000000000000002,60.6,3.7,47.300000000000004,106.0,Baden-Württemberg,BW
8216,201108216,2011,Landkreis Rastatt,1.9000000000000001,58.7,4.2,46.1,102.0,Baden-Württemberg,BW
8221,201108221,2011,Heidelberg,3.5,28.3,3.0,37.4,82.0,Baden-Württemberg,BW
8222,201108222,2011,Mannheim,3.8000000000000003,29.8,4.4,40.800000000000004,78.0,Baden-Württemberg,BW
8225,201108225,2011,Neckar-Odenwald-Kreis,1.6,67.10000000000001,5.4,47.900000000000006,109.0,Baden-Württemberg,BW
8226,201108226,2011,Rhein-Neckar-Kreis,1.9000000000000001,54.5,4.0,47.7,102.0,Baden-Württemberg,BW
8231,201108231,2011,Pforzheim,3.2,38.2,4.3,41.1,84.0,Baden-Württemberg,BW
8235,201108235,2011,Landkreis Calw,1.9000000000000001,61.900000000000006,6.6000000000000005,45.400000000000006,99.0,Baden-Württemberg,BW
8236,201108236,2011,Enzkreis,1.6,65.4,5.0,46.5,105.0,Baden-Württemberg,BW
8237,201108237,2011,Landkreis Freudenstadt,1.8,61.5,6.2,44.7,99.0,Baden-Württemberg,BW
8311,201108311,2011,Freiburg im Breisgau,4.0,29.5,2.3000000000000003,38.300000000000004,79.0,Baden-Württemberg,BW
8315,201108315,2011,Landkreis Breisgau-Hochschwarzwald,2.0,54.900000000000006,3.2,45.0,101.0,Baden-Württemberg,BW
8316,201108316,2011,Landkreis Emmendingen,2.0,56.400000000000006,3.2,44.0,101.0,Baden-Württemberg,BW
8317,201108317,2011,Ortenaukreis,1.9000000000000001,55.7,3.7,44.800000000000004,102.0,Baden-Württemberg,BW
8325,201108325,2011,Landkreis Rottweil,1.6,64.3,6.0,46.1,103.0,Baden-Württemberg,BW
8326,201108326,2011,Schwarzwald-Baar-Kreis,2.1,54.6,5.2,44.6,96.0,Baden-Württemberg,BW
8327,201108327,2011,Landkreis Tuttlingen,1.7000000000000002,64.4,4.9,45.2,103.0,Baden-Württemberg,BW
8335,201108335,2011,Landkreis Konstanz,2.4000000000000004,46.6,3.3000000000000003,44.0,92.0,Baden-Württemberg,BW
8336,201108336,2011,Landkreis Lörrach,2.2,53.0,3.2,44.5,96.0,Baden-Württemberg,BW
8337,201108337,2011,Landkreis Waldshut,2.0,57.1,4.7,46.900000000000006,103.0,Baden-Württemberg,BW
8415,201108415,2011,Landkreis Reutlingen,1.8,59.800000000000004,4.2,43.2,97.0,Baden-Württemberg,BW
8416,201108416,2011,Landkreis Tübingen,2.0,54.0,4.0,41.800000000000004,96.0,Baden-Württemberg,BW
8417,201108417,2011,Zollernalbkreis,1.5,69.2,5.4,47.0,106.0,Baden-Württemberg,BW
8421,201108421,2011,Ulm,2.8000000000000003,37.7,2.9000000000000004,40.6,86.0,Baden-Württemberg,BW
8425,201108425,2011,Alb-Donau-Kreis,1.5,66.3,4.3,45.400000000000006,108.0,Baden-Württemberg,BW
8426,201108426,2011,Landkreis Biberach,1.5,65.10000000000001,4.2,46.300000000000004,109.0,Baden-Württemberg,BW
8435,201108435,2011,Bodenseekreis,2.2,52.2,3.3000000000000003,45.2,96.0,Baden-Württemberg,BW
8436,201108436,2011,Landkreis Ravensburg,1.8,56.900000000000006,3.4000000000000004,42.800000000000004,101.0,Baden-Württemberg,BW
8437,201108437,2011,Landkreis Sigmaringen,1.6,62.5,4.7,45.800000000000004,107.0,Baden-Württemberg,BW
9161,201109161,2011,Ingolstadt,2.3000000000000003,41.2,2.3000000000000003,41.2,88.0,Bayern,BY
9162,201109162,2011,München,5.300000000000001,25.3,2.1,38.6,73.0,Bayern,BY
9163,201109163,2011,Rosenheim,3.0,33.2,3.0,40.300000000000004,82.0,Bayern,BY
9171,201109171,2011,Landkreis Altötting,1.7000000000000002,55.900000000000006,3.9000000000000004,47.0,106.0,Bayern,BY
9172,201109172,2011,Landkreis Berchtesgadener Land,2.2,46.5,3.3000000000000003,42.6,92.0,Bayern,BY
9173,201109173,2011,Landkreis Bad Tölz-Wolfratshausen,2.0,48.900000000000006,3.2,44.1,99.0,Bayern,BY
9174,201109174,2011,Landkreis Dachau,1.9000000000000001,53.6,2.9000000000000004,43.1,99.0,Bayern,BY
9175,201109175,2011,Landkreis Ebersberg,1.8,53.900000000000006,2.5,45.0,105.0,Bayern,BY
9176,201109176,2011,Landkreis Eichstätt,1.4000000000000001,69.3,3.5,48.0,118.0,Bayern,BY
9177,201109177,2011,Landkreis Erding,1.7000000000000002,55.6,3.0,45.400000000000006,109.0,Bayern,BY
9178,201109178,2011,Landkreis Freising,1.9000000000000001,48.400000000000006,2.9000000000000004,44.0,100.0,Bayern,BY
9179,201109179,2011,Landkreis Fürstenfeldbruck,2.0,52.300000000000004,2.5,43.900000000000006,97.0,Bayern,BY
9180,201109180,2011,Landkreis Garmisch-Partenkirchen,2.2,44.800000000000004,4.7,45.1,89.0,Bayern,BY
9181,201109181,2011,Landkreis Landsberg am Lech,1.6,59.400000000000006,3.2,47.1,110.0,Bayern,BY
9182,201109182,2011,Landkreis Miesbach,2.0,50.2,3.9000000000000004,48.0,102.0,Bayern,BY
9183,201109183,2011,Landkreis Mühldorf am Inn,1.6,60.6,4.2,46.2,111.0,Bayern,BY
9184,201109184,2011,Landkreis München (Land),2.2,48.7,2.2,45.0,99.0,Bayern,BY
9185,201109185,2011,Landkreis Neuburg-Schrobenhausen,1.5,65.4,3.8000000000000003,46.7,111.0,Bayern,BY
9186,201109186,2011,Landkreis Pfaffenhofen an der Ilm,1.5,61.0,3.6,48.0,114.0,Bayern,BY
9187,201109187,2011,Landkreis Rosenheim (Land),1.7000000000000002,55.300000000000004,3.5,45.900000000000006,106.0,Bayern,BY
9188,201109188,2011,Landkreis Starnberg,1.8,51.0,3.1,50.0,107.0,Bayern,BY
9189,201109189,2011,Landkreis Traunstein,1.8,56.2,3.7,47.6,104.0,Bayern,BY
9190,201109190,2011,Landkreis Weilheim-Schongau,1.7000000000000002,55.400000000000006,3.4000000000000004,45.300000000000004,103.0,Bayern,BY
9261,201109261,2011,Landshut,2.6,38.5,3.5,43.6,88.0,Bayern,BY
9262,201109262,2011,Passau,2.7,36.800000000000004,4.2,47.400000000000006,85.0,Bayern,BY
9263,201109263,2011,Straubing,2.3000000000000003,36.5,4.4,44.300000000000004,88.0,Bayern,BY
9271,201109271,2011,Landkreis Deggendorf,1.6,60.7,3.6,48.0,109.0,Bayern,BY
9272,201109272,2011,Landkreis Freyung-Grafenau,1.5,72.3,5.300000000000001,49.6,112.0,Bayern,BY
9273,201109273,2011,Landkreis Kehlheim,1.5,64.7,4.0,47.800000000000004,113.0,Bayern,BY
9274,201109274,2011,Landkreis Landshut (Land),1.4000000000000001,65.5,3.3000000000000003,48.6,118.0,Bayern,BY
9275,201109275,2011,Landkreis Passau (Land),1.5,66.8,4.4,49.900000000000006,114.0,Bayern,BY
9276,201109276,2011,Landkreis Regen,1.6,64.7,6.0,48.5,106.0,Bayern,BY
9277,201109277,2011,Landkreis Rottal-Inn,1.4000000000000001,67.7,3.9000000000000004,49.900000000000006,120.0,Bayern,BY
9278,201109278,2011,Landkreis Straubing-Bogen,1.3,71.60000000000001,4.0,49.800000000000004,122.0,Bayern,BY
9279,201109279,2011,Landkreis Dingolfing-Landau,1.4000000000000001,68.10000000000001,4.1000000000000005,49.0,118.0,Bayern,BY
9361,201109361,2011,Amberg,2.4000000000000004,39.5,4.800000000000001,44.800000000000004,88.0,Bayern,BY
9362,201109362,2011,Regensburg,3.7,26.5,3.1,42.2,76.0,Bayern,BY
9363,201109363,2011,Weiden in der Oberpfalz,2.5,38.900000000000006,4.4,45.1,87.0,Bayern,BY
9371,201109371,2011,Landkreis Amberg-Sulzbach,1.6,66.7,5.2,48.7,110.0,Bayern,BY
9372,201109372,2011,Landkreis Cham,1.5,70.10000000000001,5.7,49.1,112.0,Bayern,BY
9373,201109373,2011,Landkreis Neumarkt in der Oberpfalz,1.4000000000000001,69.7,3.8000000000000003,47.5,117.0,Bayern,BY
9374,201109374,2011,Landkreis Neustadt an der Waldnaab,1.5,65.2,5.6000000000000005,48.1,109.0,Bayern,BY
9375,201109375,2011,Landkreis Regensburg (Land),1.5,64.0,3.7,48.900000000000006,113.0,Bayern,BY
9376,201109376,2011,Landkreis Schwandorf,1.6,66.5,5.0,47.2,107.0,Bayern,BY
9377,201109377,2011,Landkreis Tirschenreuth,1.6,65.3,6.4,47.2,103.0,Bayern,BY
9461,201109461,2011,Bamberg,3.1,31.0,3.3000000000000003,43.400000000000006,82.0,Bayern,BY
9462,201109462,2011,Bayreuth,2.9000000000000004,32.800000000000004,4.0,43.5,82.0,Bayern,BY
9463,201109463,2011,Coburg,2.3000000000000003,40.2,5.2,45.800000000000004,89.0,Bayern,BY
9464,201109464,2011,Hof,2.7,36.1,8.3,46.6,83.0,Bayern,BY
9471,201109471,2011,Landkreis Bamberg (Land),1.6,65.8,3.9000000000000004,46.900000000000006,110.0,Bayern,BY
9472,201109472,2011,Landkreis Bayreuth (Land),1.6,67.0,5.2,49.0,108.0,Bayern,BY
9473,201109473,2011,Landkreis Coburg (Land),1.6,62.300000000000004,4.5,47.5,106.0,Bayern,BY
9474,201109474,2011,Landkreis Forchheim,1.6,63.900000000000006,4.3,48.0,110.0,Bayern,BY
9475,201109475,2011,Landkreis Hof (Land),1.6,64.3,7.5,48.7,100.0,Bayern,BY
9476,201109476,2011,Landkreis Kronach,1.5,71.10000000000001,5.5,48.400000000000006,107.0,Bayern,BY
9477,201109477,2011,Landkreis Kulmbach,1.6,61.900000000000006,5.5,48.6,103.0,Bayern,BY
9478,201109478,2011,Landkreis Lichtenfels,1.5,65.9,4.6000000000000005,46.800000000000004,107.0,Bayern,BY
9479,201109479,2011,Landkreis Wunsiedel im Fichtelgebirge,1.8,58.1,7.9,48.5,95.0,Bayern,BY
9561,201109561,2011,Ansbach,2.2,46.1,4.2,45.2,91.0,Bayern,BY
9562,201109562,2011,Erlangen,3.0,34.7,2.2,43.6,83.0,Bayern,BY
9563,201109563,2011,Fürth,3.2,35.0,3.5,41.900000000000006,83.0,Bayern,BY
9564,201109564,2011,Nürnberg,3.7,30.8,3.0,40.7,78.0,Bayern,BY
9565,201109565,2011,Schwabach,2.0,51.400000000000006,3.3000000000000003,45.2,95.0,Bayern,BY
9571,201109571,2011,Landkreis Ansbach (Land),1.5,67.4,4.6000000000000005,47.2,112.0,Bayern,BY
9572,201109572,2011,Landkreis Erlangen-Höchstadt,1.6,64.10000000000001,3.4000000000000004,48.1,110.0,Bayern,BY
9573,201109573,2011,Landkreis Fürth (Land),1.8,58.5,3.6,47.300000000000004,102.0,Bayern,BY
9574,201109574,2011,Landkreis Nürnberger Land,1.7000000000000002,61.0,4.1000000000000005,47.7,104.0,Bayern,BY
9575,201109575,2011,Landkreis Neustadt an der Aisch-Bad Windsheim,1.5,66.8,4.7,48.0,112.0,Bayern,BY
9576,201109576,2011,Landkreis Roth,1.5,65.0,3.9000000000000004,46.900000000000006,109.0,Bayern,BY
9577,201109577,2011,Landkreis Weißenburg-Gunzenhausen,1.6,63.2,5.4,46.900000000000006,106.0,Bayern,BY
9661,201109661,2011,Aschaffenburg,2.8000000000000003,37.0,4.0,42.400000000000006,86.0,Bayern,BY
9662,201109662,2011,Schweinfurt,3.1,34.300000000000004,4.3,41.1,82.0,Bayern,BY
9663,201109663,2011,Würzburg,3.5,27.0,2.8000000000000003,42.400000000000006,79.0,Bayern,BY
9671,201109671,2011,Landkreis Aschaffenburg (Land),1.7000000000000002,64.0,4.6000000000000005,47.5,107.0,Bayern,BY
9672,201109672,2011,Landkreis Bad Kissingen,1.7000000000000002,61.7,6.7,48.800000000000004,105.0,Bayern,BY
9673,201109673,2011,Landkreis Rhön-Grabfeld,1.5,66.8,5.7,48.7,109.0,Bayern,BY
9674,201109674,2011,Landkreis Haßberge,1.5,69.8,4.7,47.6,111.0,Bayern,BY
9675,201109675,2011,Landkreis Kitzingen,1.6,60.300000000000004,5.4,47.300000000000004,107.0,Bayern,BY
9676,201109676,2011,Landkreis Miltenberg,1.6,62.400000000000006,5.4,46.6,105.0,Bayern,BY
9677,201109677,2011,Landkreis Main-Spessart,1.5,66.7,5.6000000000000005,48.800000000000004,109.0,Bayern,BY
9678,201109678,2011,Landkreis Schweinfurt (Land),1.6,66.8,4.4,47.800000000000004,108.0,Bayern,BY
9679,201109679,2011,Landkreis Würzburg (Land),1.6,59.7,4.2,48.7,107.0,Bayern,BY
9761,201109761,2011,Augsburg,3.8000000000000003,34.0,3.5,39.2,76.0,Bayern,BY
9762,201109762,2011,Kaufbeuren,2.4000000000000004,42.5,4.1000000000000005,41.300000000000004,84.0,Bayern,BY
9763,201109763,2011,Kempten (Allgäu),3.2,35.6,2.8000000000000003,40.400000000000006,82.0,Bayern,BY
9764,201109764,2011,Memmingen,2.3000000000000003,43.6,3.2,41.300000000000004,88.0,Bayern,BY
9771,201109771,2011,Landkreis Aichach-Friedberg,1.5,64.60000000000001,3.5,47.2,112.0,Bayern,BY
9772,201109772,2011,Landkreis Augsburg Land,1.7000000000000002,61.7,3.6,46.6,106.0,Bayern,BY
9773,201109773,2011,Landkreis Dillingen an der Donau,1.4000000000000001,69.3,4.2,45.6,110.0,Bayern,BY
9774,201109774,2011,Landkreis Günzburg,1.5,64.0,4.4,44.900000000000006,107.0,Bayern,BY
9775,201109775,2011,Landkreis Neu-Ulm,1.8,59.0,3.3000000000000003,44.1,98.0,Bayern,BY
9776,201109776,2011,Landkreis Lindau (Bodensee),2.2,49.0,4.0,45.0,95.0,Bayern,BY
9777,201109777,2011,Landkreis Ostallgäu,1.6,61.300000000000004,4.1000000000000005,46.900000000000006,106.0,Bayern,BY
9778,201109778,2011,Landkreis Unterallgäu,1.4000000000000001,65.4,4.4,47.2,112.0,Bayern,BY
9779,201109779,2011,Landkreis Donau-Ries,1.5,67.3,4.5,46.800000000000004,111.0,Bayern,BY
9780,201109780,2011,Landkreis Oberallgäu,2.2,52.900000000000006,3.9000000000000004,46.400000000000006,94.0,Bayern,BY
10041,201110041,2011,Regionalverband Saarbrücken,2.1,49.7,6.300000000000001,47.5,93.0,Saarland,SL
10041100,201110041100,2011,Landeshauptstadt Saarbrücken,2.7,38.5,6.300000000000001,45.300000000000004,85.0,Saarland,SL
10042,201110042,2011,Landkreis Merzig-Wadern,1.3,75.8,5.300000000000001,53.400000000000006,119.0,Saarland,SL
10043,201110043,2011,Landkreis Neunkirchen,1.6,64.3,6.0,49.900000000000006,102.0,Saarland,SL
10044,201110044,2011,Landkreis Saarlouis,1.4000000000000001,70.3,4.9,51.400000000000006,112.0,Saarland,SL
10045,201110045,2011,Saarpfalz-Kreis,1.5,67.9,5.300000000000001,51.6,107.0,Saarland,SL
10046,201110046,2011,Landkreis St. Wendel,1.4000000000000001,75.3,5.1000000000000005,53.6,117.0,Saarland,SL
11001001,201111001001,2011,Berlin-Mitte,,,,,,Berlin,BE
11002002,201111002002,2011,Berlin-Friedrichshain-Kreuzberg,,,,,,Berlin,BE
11003003,201111003003,2011,Berlin-Pankow,,,,,,Berlin,BE
11004004,201111004004,2011,Berlin-Charlottenburg-Wilmersdorf,,,,,,Berlin,BE
11005005,201111005005,2011,Berlin-Spandau,,,,,,Berlin,BE
11006006,201111006006,2011,Berlin-Steglitz-Zehlendorf,,,,,,Berlin,BE
11007007,201111007007,2011,Berlin-Tempelhof-Schöneberg,,,,,,Berlin,BE
11008008,201111008008,2011,Berlin-Neukölln,,,,,,Berlin,BE
11009009,201111009009,2011,Berlin-Treptow-Köpenick,,,,,,Berlin,BE
11010010,201111010010,2011,Berlin-Marzahn-Hellersdorf,,,,,,Berlin,BE
11011011,201111011011,2011,Berlin-Lichtenberg,,,,,,Berlin,BE
11012012,201111012012,2011,Berlin-Reinickendorf,,,,,,Berlin,BE
12051,201112051,2011,Brandenburg an der Havel,3.3000000000000003,24.3,9.4,40.2,69.0,Brandenburg,BB
12052,201112052,2011,Cottbus,3.7,21.5,5.2,38.5,72.0,Brandenburg,BB
12053,201112053,2011,Frankfurt (Oder),4.1000000000000005,19.700000000000003,8.200000000000001,38.800000000000004,69.0,Brandenburg,BB
12054,201112054,2011,Potsdam,4.3,16.2,2.9000000000000004,38.7,73.0,Brandenburg,BB
12060,201112060,2011,Landkreis Barnim,1.8,49.900000000000006,4.6000000000000005,42.6,87.0,Brandenburg,BB
12061,201112061,2011,Landkreis Dahme-Spreewald,1.6,53.6,4.0,42.400000000000006,89.0,Brandenburg,BB
12062,201112062,2011,Landkreis Elbe-Elster,1.7000000000000002,57.2,7.1000000000000005,42.800000000000004,86.0,Brandenburg,BB
12063,201112063,2011,Landkreis Havelland,1.7000000000000002,51.1,4.9,42.900000000000006,89.0,Brandenburg,BB
12064,201112064,2011,Landkreis Märkisch-Oderland,1.7000000000000002,53.5,5.1000000000000005,43.1,88.0,Brandenburg,BB
12065,201112065,2011,Landkreis Oberhavel,1.7000000000000002,49.900000000000006,3.4000000000000004,42.2,88.0,Brandenburg,BB
12066,201112066,2011,Landkreis Oberspreewald-Lausitz,2.2,40.400000000000006,7.300000000000001,41.400000000000006,78.0,Brandenburg,BB
12067,201112067,2011,Landkreis Oder-Spree,1.9000000000000001,47.5,6.2,42.900000000000006,84.0,Brandenburg,BB
12068,201112068,2011,Landkreis Ostprignitz-Ruppin,1.9000000000000001,48.300000000000004,6.1000000000000005,43.7,86.0,Brandenburg,BB
12069,201112069,2011,Landkreis Potsdam-Mittelmark,1.5,58.900000000000006,3.6,43.800000000000004,97.0,Brandenburg,BB
12070,201112070,2011,Landkreis Prignitz,1.8,49.0,9.8,45.800000000000004,84.0,Brandenburg,BB
12071,201112071,2011,Landkreis Spree-Neiße,1.9000000000000001,50.0,9.200000000000001,43.400000000000006,84.0,Brandenburg,BB
12072,201112072,2011,Landkreis Teltow-Fläming,1.8,48.1,6.2,42.800000000000004,87.0,Brandenburg,BB
12073,201112073,2011,Landkreis Uckermark,2.2,39.2,5.7,42.800000000000004,81.0,Brandenburg,BB
13001,201113001,2011,Greifswald,4.6000000000000005,16.3,4.2,36.6,65.0,Mecklenburg-Vorpommern,MV
13002,201113002,2011,Neubrandenburg,4.6000000000000005,19.200000000000003,4.2,38.800000000000004,68.0,Mecklenburg-Vorpommern,MV
13003,201113003,2011,Rostock,5.7,13.700000000000001,3.8000000000000003,37.0,64.0,Mecklenburg-Vorpommern,MV
13004,201113004,2011,Schwerin,4.5,15.700000000000001,10.700000000000001,41.6,67.0,Mecklenburg-Vorpommern,MV
13005,201113005,2011,Stralsund,3.9000000000000004,18.400000000000002,7.0,38.1,67.0,Mecklenburg-Vorpommern,MV
13006,201113006,2011,Wismar,3.5,19.0,7.5,37.4,66.0,Mecklenburg-Vorpommern,MV
13051,201113051,2011,Landkreis Bad Doberan,1.6,57.7,3.5,43.800000000000004,93.0,Mecklenburg-Vorpommern,MV
13052,201113052,2011,Landkreis Demmin,1.8,50.7,7.0,42.5,84.0,Mecklenburg-Vorpommern,MV
13053,201113053,2011,Landkreis Güstrow,2.0,44.7,6.300000000000001,41.7,82.0,Mecklenburg-Vorpommern,MV
13054,201113054,2011,Landkreis Ludwigslust,1.7000000000000002,53.7,6.6000000000000005,43.5,90.0,Mecklenburg-Vorpommern,MV
13055,201113055,2011,Landkreis Mecklenburg-Strelitz,1.9000000000000001,49.7,8.3,44.400000000000006,86.0,Mecklenburg-Vorpommern,MV
13056,201113056,2011,Landkreis Müritz,1.9000000000000001,45.300000000000004,5.7,41.800000000000004,82.0,Mecklenburg-Vorpommern,MV
13057,201113057,2011,Landkreis Nordvorpommern,1.6,54.900000000000006,6.800000000000001,44.400000000000006,86.0,Mecklenburg-Vorpommern,MV
13058,201113058,2011,Landkreis Nordwestmecklenburg,1.6,56.0,4.9,43.1,91.0,Mecklenburg-Vorpommern,MV
13059,201113059,2011,Landkreis Ostvorpommern,1.8,51.5,6.7,43.5,84.0,Mecklenburg-Vorpommern,MV
13060,201113060,2011,Landkreis Parchim,1.7000000000000002,54.5,6.5,44.0,89.0,Mecklenburg-Vorpommern,MV
13061,201113061,2011,Landkreis Rügen,2.2,38.1,6.300000000000001,42.2,78.0,Mecklenburg-Vorpommern,MV
13062,201113062,2011,Landkreis Uecker-Randow,2.0,44.300000000000004,8.3,43.0,82.0,Mecklenburg-Vorpommern,MV
13071,201113071,2011,Landkreis Mecklenburgische Seenplatte,,,,,,Mecklenburg-Vorpommern,MV
13072,201113072,2011,Landkreis Rostock,,,,,,Mecklenburg-Vorpommern,MV
13073,201113073,2011,Landkreis Vorpommern-Rügen,,,,,,Mecklenburg-Vorpommern,MV
13074,201113074,2011,Landkreis Nordwestmecklenburg,,,,,,Mecklenburg-Vorpommern,MV
13075,201113075,2011,Landkreis Vorpommern-Greifswald,,,,,,Mecklenburg-Vorpommern,MV
13076,201113076,2011,Landkreis Ludwigslust-Parchim,,,,,,Mecklenburg-Vorpommern,MV
14511,201114511,2011,Chemnitz,4.800000000000001,17.0,13.700000000000001,41.6,67.0,Sachsen,SN
14521,201114521,2011,Erzgebirgskreis,2.4000000000000004,42.6,9.200000000000001,38.7,74.0,Sachsen,SN
14522,201114522,2011,Landkreis Mittelsachsen,2.3000000000000003,42.300000000000004,9.9,40.5,76.0,Sachsen,SN
14523,201114523,2011,Vogtlandkreis,2.4000000000000004,41.0,12.5,42.900000000000006,75.0,Sachsen,SN
14524,201114524,2011,Kreis Zwickau,2.7,37.4,11.3,40.900000000000006,74.0,Sachsen,SN
14612,201114612,2011,Dresden,5.1000000000000005,14.700000000000001,5.0,38.2,69.0,Sachsen,SN
14625,201114625,2011,Landkreis Bautzen,2.1,46.1,7.0,40.1,81.0,Sachsen,SN
14626,201114626,2011,Landkreis Görlitz,2.3000000000000003,42.5,12.700000000000001,44.0,79.0,Sachsen,SN
14627,201114627,2011,Landkreis Meissen,2.3000000000000003,41.400000000000006,8.9,41.300000000000004,79.0,Sachsen,SN
14628,201114628,2011,Landkreis Sächsische Schweiz-Osterzgebirge,2.3000000000000003,41.2,8.5,40.400000000000006,77.0,Sachsen,SN
14713,201114713,2011,Leipzig,5.5,12.9,12.100000000000001,43.5,69.0,Sachsen,SN
14729,201114729,2011,Landkreis Leipzig,2.0,47.900000000000006,9.1,42.400000000000006,82.0,Sachsen,SN
14730,201114730,2011,Landkreis Nordsachsen,2.0,47.900000000000006,9.600000000000001,42.400000000000006,82.0,Sachsen,SN
15001,201115001,2011,Dessau-Rosslau,2.8000000000000003,32.7,14.0,44.6,74.0,Sachsen-Anhalt,ST
15002,201115002,2011,Halle (Saale),4.9,16.0,11.5,41.0,68.0,Sachsen-Anhalt,ST
15003,201115003,2011,Magdeburg,4.3,18.1,9.5,41.400000000000006,69.0,Sachsen-Anhalt,ST
15081,201115081,2011,Altmarkkreis Salzwedel,1.7000000000000002,54.7,9.0,45.900000000000006,93.0,Sachsen-Anhalt,ST
15082,201115082,2011,Landkreis Anhalt-Bitterfeld,2.0,47.5,9.1,42.900000000000006,80.0,Sachsen-Anhalt,ST
15083,201115083,2011,Landkreis Börde,1.7000000000000002,56.900000000000006,7.9,45.0,90.0,Sachsen-Anhalt,ST
15084,201115084,2011,Burgenlandkreis,2.2,46.0,10.200000000000001,42.800000000000004,79.0,Sachsen-Anhalt,ST
15085,201115085,2011,Landkreis Harz,2.1,46.1,8.5,44.1,82.0,Sachsen-Anhalt,ST
15086,201115086,2011,Landkreis Jerichower Land,1.7000000000000002,54.1,9.600000000000001,45.7,88.0,Sachsen-Anhalt,ST
15087,201115087,2011,Landkreis Mansfeld-Südharz,1.8,54.800000000000004,7.9,42.7,82.0,Sachsen-Anhalt,ST
15088,201115088,2011,Saalekreis,1.8,51.900000000000006,7.300000000000001,43.1,85.0,Sachsen-Anhalt,ST
15089,201115089,2011,Salzlandkreis,2.0,44.900000000000006,10.200000000000001,43.1,78.0,Sachsen-Anhalt,ST
15090,201115090,2011,Landkreis Stendal,1.9000000000000001,48.7,9.1,45.900000000000006,86.0,Sachsen-Anhalt,ST
15091,201115091,2011,Landkreis Wittenberg,1.8,54.800000000000004,7.9,44.0,84.0,Sachsen-Anhalt,ST
16051,201116051,2011,Erfurt,4.0,21.3,4.9,38.7,71.0,Thüringen,TH
16052,201116052,2011,Gera,4.2,21.6,12.100000000000001,42.800000000000004,69.0,Thüringen,TH
16053,201116053,2011,Jena,3.9000000000000004,21.700000000000003,1.9000000000000001,36.9,70.0,Thüringen,TH
16054,201116054,2011,Suhl,3.1,31.5,8.3,41.1,72.0,Thüringen,TH
16055,201116055,2011,Weimar,3.2,24.700000000000003,4.5,39.1,76.0,Thüringen,TH
16056,201116056,2011,Eisenach,3.2,26.5,8.6,41.400000000000006,75.0,Thüringen,TH
16061,201116061,2011,Landkreis Eichsfeld,1.7000000000000002,61.400000000000006,5.0,40.5,94.0,Thüringen,TH
16062,201116062,2011,Landkreis Nordhausen,2.0,47.1,4.5,41.0,82.0,Thüringen,TH
16063,201116063,2011,Landkreis Wartburgkreis,1.7000000000000002,63.0,6.0,42.1,90.0,Thüringen,TH
16064,201116064,2011,Landkreis Unstrut-Hainich-Kreis,1.8,54.6,7.2,42.1,87.0,Thüringen,TH
16065,201116065,2011,Landkreis Kyffhäuserkreis,1.7000000000000002,59.7,8.200000000000001,44.300000000000004,87.0,Thüringen,TH
16066,201116066,2011,Landkreis Schmalkalden-Meiningen,1.7000000000000002,60.400000000000006,6.300000000000001,42.2,87.0,Thüringen,TH
16067,201116067,2011,Landkreis Gotha,2.0,50.400000000000006,6.6000000000000005,41.6,83.0,Thüringen,TH
16068,201116068,2011,Landkreis Sömmerda,1.6,61.900000000000006,4.9,42.0,90.0,Thüringen,TH
16069,201116069,2011,Landkreis Hildburghausen,1.6,66.60000000000001,5.6000000000000005,42.900000000000006,94.0,Thüringen,TH
16070,201116070,2011,Landkreis Ilm-Kreis,2.1,46.7,6.6000000000000005,41.400000000000006,80.0,Thüringen,TH
16071,201116071,2011,Landkreis Weimarer Land,1.7000000000000002,57.2,6.800000000000001,42.800000000000004,88.0,Thüringen,TH
16072,201116072,2011,Landkreis Sonneberg,2.0,56.300000000000004,7.5,42.300000000000004,83.0,Thüringen,TH
16073,201116073,2011,Landkreis Saalfeld-Rudolstadt,2.1,49.7,6.6000000000000005,41.400000000000006,80.0,Thüringen,TH
16074,201116074,2011,Landkreis Saale-Holzland-Kreis,1.8,55.900000000000006,5.9,42.1,86.0,Thüringen,TH
16075,201116075,2011,Landkreis Saale-Orla-Kreis,1.8,57.2,8.200000000000001,42.2,85.0,Thüringen,TH
16076,201116076,2011,Landkreis Greiz,2.0,50.800000000000004,8.9,42.6,81.0,Thüringen,TH
16077,201116077,2011,Landkreis Altenburger Land,2.4000000000000004,39.5,12.100000000000001,42.5,75.0,Thüringen,TH
